system,profile,stage,intended_subsystems,intended_targets,actual_targets,intended_backend,actual_backend,intended_workers,actual_workers,intended_ISA,actual_ISA,expected_utilization_or_pressure,measured_utilization_or_pressure,intended_allocation,achieved_allocation,intended_duration_seconds,sustained_duration_seconds,verification_evidence,warnings_errors,acceptance_result,confidence,rerun_required,reason,artifact
AMD Ryzen 7 5700G with Radeon Graphics,x86_64 AMD APU GPU Full Validation,amd_apu_vulkan_compute,gpu_3d,GPU integrated_all,,gpu_3d:vulkan_compute,gpu_3d:python_vulkan_compute,,,,,sustained GPU progress and verification,,,,600,601.01,"GPU status=None, iterations=, verify=, error=","3D stage is using the suite-native Vulkan compute/readback backend; 3D Vulkan compute variant 'stress_hash' selected; 3D Vulkan compute variant 'stress_hash' is experimental; hash remains the validated production path; 3D intensity 'extreme' is shaping suite-native GPU load scaling for this stage; 3D backend 'python_vulkan_compute' is curated as Vulkan / parametric / compute_readback / purpose=suite_native_gpu_stress; Internal GPU workers will ramp from 35% load over approximately 45s; {'timestamp': '2026-08-12T13:04:33.571595-04:00', 'category': 'worker_exit', 'severity': 'error', 'stage': 'AMD APU Vulkan Compute and Readback Sustained', 'source': 'gpu_3d', 'message': 'gpu_3d worker exited early with code 1', 'details': {'return_code': 1, 'command': ['/var/home/empc/Documents/Test Build 0.2.0.b-alpha [x86-64]/.venv/bin/python', 'native/vulkan_compute_worker.py', '--target-vendor', '', '--target-vendor-id', '', '--target-device-id', '', '--target-device-name', '', '--target-card', '', '--target-slot', '', '--target-id', '', '--physical-gpu-id', '', '--target-gpu-index', '0', '--target-vram-total', '0', '--buffer-bytes', '50331648', '--system-memory-fixed-commitment-bytes', '1048576', '--ramp-step-seconds', '15.0', '--start-load-fraction', '0.35', '--result-file', 'results/2026-08-12_13-04-31_x86_64 AMD APU GPU Full Validation/worker_results/amd_apu_vulkan_compute_gpu_3d_1.json', '--device-class', 'unknown', '--profile-mode', 'steady', '--profile-intensity', 'extreme', '--tuning-step', '0', '--compute-rounds', '62', '--kernel-variant', 'stress_hash', '--dispatch-repeats', '4'], 'backend': 'python_vulkan_compute', 'target_id': '', 'stdout_path': 'results/2026-08-12_13-04-31_x86_64 AMD APU GPU Full Validation/worker_logs/amd_apu_vulkan_compute_gpu_3d_1.stdout.log', 'stderr_path': 'results/2026-08-12_13-04-31_x86_64 AMD APU GPU Full Validation/worker_logs/amd_apu_vulkan_compute_gpu_3d_1.stderr.log', 'stdout_tail': '', 'stderr_tail': 'Traceback (most recent call last):\n  File ""/var/home/empc/Documents/Test Build 0.2.0.b-alpha [x86-64]/native/vulkan_compute_worker.py"", line 14, in <module>\n    from Modules.lvs_runtime_memory_guard import claim_runtime_allocation_growth, release_runtime_allocation_claim\nModuleNotFoundError: No module named \'Modules\''}}",NOT EXECUTED,high,yes,Required AMD integrated GPU was not visible; old untargeted worker is not hardware execution.,results/2026-08-12_13-04-31_x86_64 AMD APU GPU Full Validation
AMD Ryzen 7 5700G with Radeon Graphics,x86_64 AMD APU GPU Full Validation,amd_apu_vulkan_stateful,gpu_3d,GPU integrated_all,,gpu_3d:vulkan_compute,gpu_3d:python_vulkan_compute,,,,,sustained GPU progress and verification,,GPU3D 80%,,600,601.06,"GPU status=None, iterations=, verify=, error=","3D stage is using the suite-native Vulkan compute/readback backend; 3D Vulkan compute variant 'stateful_memory' selected; 3D Vulkan compute variant 'stateful_memory' is experimental; hash remains the validated production path; 3D Vulkan stateful-memory allocation target is explicitly set to 80% with capacity-based safety reserves; 3D intensity 'extreme' is shaping suite-native GPU load scaling for this stage; 3D backend 'python_vulkan_compute' is curated as Vulkan / parametric / compute_readback / purpose=suite_native_gpu_stress; Internal GPU workers will ramp from 35% load over approximately 45s; {'timestamp': '2026-08-12T13:24:34.725885-04:00', 'category': 'worker_exit', 'severity': 'error', 'stage': 'AMD APU Vulkan Stateful Shared Memory Sustained', 'source': 'gpu_3d', 'message': 'gpu_3d worker exited early with code 1', 'details': {'return_code': 1, 'command': ['/var/home/empc/Documents/Test Build 0.2.0.b-alpha [x86-64]/.venv/bin/python', 'native/vulkan_compute_worker.py', '--target-vendor', '', '--target-vendor-id', '', '--target-device-id', '', '--target-device-name', '', '--target-card', '', '--target-slot', '', '--target-id', '', '--physical-gpu-id', '', '--target-gpu-index', '0', '--target-vram-total', '0', '--buffer-bytes', '1073741824', '--system-memory-fixed-commitment-bytes', '1048576', '--ramp-step-seconds', '15.0', '--start-load-fraction', '0.35', '--result-file', 'results/2026-08-12_13-04-31_x86_64 AMD APU GPU Full Validation/worker_results/amd_apu_vulkan_stateful_gpu_3d_1.json', '--device-class', 'unknown', '--profile-mode', 'steady', '--profile-intensity', 'extreme', '--tuning-step', '0', '--compute-rounds', '3', '--kernel-variant', 'stateful_memory', '--dispatch-repeats', '1'], 'backend': 'python_vulkan_compute', 'target_id': '', 'stdout_path': 'results/2026-08-12_13-04-31_x86_64 AMD APU GPU Full Validation/worker_logs/amd_apu_vulkan_stateful_gpu_3d_1.stdout.log', 'stderr_path': 'results/2026-08-12_13-04-31_x86_64 AMD APU GPU Full Validation/worker_logs/amd_apu_vulkan_stateful_gpu_3d_1.stderr.log', 'stdout_tail': '', 'stderr_tail': 'Traceback (most recent call last):\n  File ""/var/home/empc/Documents/Test Build 0.2.0.b-alpha [x86-64]/native/vulkan_compute_worker.py"", line 14, in <module>\n    from Modules.lvs_runtime_memory_guard import claim_runtime_allocation_growth, release_runtime_allocation_claim\nModuleNotFoundError: No module named \'Modules\''}}",NOT EXECUTED,high,yes,Required AMD integrated GPU was not visible; old untargeted worker is not hardware execution.,results/2026-08-12_13-04-31_x86_64 AMD APU GPU Full Validation
AMD Ryzen 7 5700G with Radeon Graphics,x86_64 AMD APU GPU Full Validation,amd_apu_vulkan_transfer,gpu_3d,GPU integrated_all,,gpu_3d:vulkan,gpu_3d:python_vulkan_transfer,,,,,sustained GPU progress and verification,,,,600,600.07,"GPU status=None, iterations=, verify=, error=","3D stage is using the suite-native Vulkan transfer/readback backend; Vulkan transfer/readback validates Vulkan routing and memory movement; it is not yet a shader or ray-tracing saturation workload; 3D intensity 'extreme' is shaping suite-native GPU load scaling for this stage; 3D backend 'python_vulkan_transfer' is curated as Vulkan / parametric / transfer_readback / purpose=transfer_diagnostic; Internal GPU workers will ramp from 35% load over approximately 45s; {'timestamp': '2026-08-12T13:14:34.625285-04:00', 'category': 'worker_exit', 'severity': 'error', 'stage': 'AMD APU Vulkan Transfer and Readback Sustained', 'source': 'gpu_3d', 'message': 'gpu_3d worker exited early with code 1', 'details': {'return_code': 1, 'command': ['/var/home/empc/Documents/Test Build 0.2.0.b-alpha [x86-64]/.venv/bin/python', 'native/vulkan_transfer_worker.py', '--target-vendor', '', '--target-vendor-id', '', '--target-device-id', '', '--target-device-name', '', '--target-card', '', '--target-slot', '', '--target-id', '', '--physical-gpu-id', '', '--target-gpu-index', '0', '--target-vram-total', '0', '--buffer-bytes', '50331648', '--ramp-step-seconds', '15.0', '--start-load-fraction', '0.35', '--result-file', 'results/2026-08-12_13-04-31_x86_64 AMD APU GPU Full Validation/worker_results/amd_apu_vulkan_transfer_gpu_3d_1.json', '--device-class', 'unknown', '--profile-mode', 'steady', '--profile-intensity', 'extreme', '--tuning-step', '0'], 'backend': 'python_vulkan_transfer', 'target_id': '', 'stdout_path': 'results/2026-08-12_13-04-31_x86_64 AMD APU GPU Full Validation/worker_logs/amd_apu_vulkan_transfer_gpu_3d_1.stdout.log', 'stderr_path': 'results/2026-08-12_13-04-31_x86_64 AMD APU GPU Full Validation/worker_logs/amd_apu_vulkan_transfer_gpu_3d_1.stderr.log', 'stdout_tail': '', 'stderr_tail': 'Traceback (most recent call last):\n  File ""/var/home/empc/Documents/Test Build 0.2.0.b-alpha [x86-64]/native/vulkan_transfer_worker.py"", line 15, in <module>\n    from Modules.lvs_runtime_memory_guard import claim_runtime_allocation_growth, release_runtime_allocation_claim\nModuleNotFoundError: No module named \'Modules\''}}; {'timestamp': '2026-08-12T13:24:34.438764-04:00', 'category': 'gpu_backend_effectiveness', 'severity': 'info', 'stage': 'AMD APU Vulkan Transfer and Readback Sustained', 'source': 'gpu_0_busy_percent', 'message': 'target GPU gpu0 used diagnostic backend(s) python_vulkan_transfer; treat this as API routing/transfer validation, not a saturation result', 'details': {'gpu_index': 0, 'target_id': 'gpu0', 'workloads': ['gpu_3d'], 'backends': ['python_vulkan_transfer'], 'load_classes': ['diagnostic'], 'metric': 'gpu_0_busy_percent', 'max_busy_percent': 0.0, 'avg_busy_percent': 0.0, 'max_power_w': 26.41, 'avg_power_w': 25.23, 'max_memory_busy_percent': 19.0, 'avg_memory_busy_percent': 7.48, 'backend_preference_3d': 'vulkan', 'backend_resolved_3d': 'python_vulkan_transfer', 'device_class': '', 'diagnostic_backend': True, 'saturation_result': False}}",NOT EXECUTED,high,yes,Required AMD integrated GPU was not visible; old untargeted worker is not hardware execution.,results/2026-08-12_13-04-31_x86_64 AMD APU GPU Full Validation
AMD Ryzen 7 5700G with Radeon Graphics,x86_64 CPU Full Validation,x86_cpu_native_avx,cpu,"CPU [0, 1, 2, 3, 4, 5, 6, 7, 8, 9, 10, 11, 12, 13, 14, 15]","CPU [0, 1, 2, 3, 4, 5, 6, 7, 8, 9, 10, 11, 12, 13, 14, 15]",cpu:native,cpu:cpu_native_helper,16,16,avx,avx_fma,target-CPU saturation,"CPU median 100.0%, p10 100.0%, lowest logical median 100.0%",,,600,600.78,"CPU verify=12069224, canary=12069224, errors=0","CPU stage is using the native helper backend (avx, kernel avx_fma)",VALIDATED,high,no,"Correct target/backend, sustained duration/load or pressure, durable progress/integrity evidence, truthful verdict.",results/2026-08-12_11-07-28_x86_64 CPU Full Validation
AMD Ryzen 7 5700G with Radeon Graphics,x86_64 CPU Full Validation,x86_cpu_native_avx2,cpu,"CPU [0, 1, 2, 3, 4, 5, 6, 7, 8, 9, 10, 11, 12, 13, 14, 15]","CPU [0, 1, 2, 3, 4, 5, 6, 7, 8, 9, 10, 11, 12, 13, 14, 15]",cpu:native,cpu:cpu_native_helper,16,16,avx2,avx2_fma,target-CPU saturation,"CPU median 100.0%, p10 100.0%, lowest logical median 100.0%",,,600,600.84,"CPU verify=12061167, canary=12061167, errors=0","CPU stage is using the native helper backend (avx2, kernel avx2_fma)",VALIDATED,high,no,"Correct target/backend, sustained duration/load or pressure, durable progress/integrity evidence, truthful verdict.",results/2026-08-12_11-07-28_x86_64 CPU Full Validation
AMD Ryzen 7 5700G with Radeon Graphics,x86_64 CPU Full Validation,x86_cpu_native_scalar,cpu,"CPU [0, 1, 2, 3, 4, 5, 6, 7, 8, 9, 10, 11, 12, 13, 14, 15]","CPU [0, 1, 2, 3, 4, 5, 6, 7, 8, 9, 10, 11, 12, 13, 14, 15]",cpu:native,cpu:cpu_native_helper,16,16,scalar,scalar,target-CPU saturation,"CPU median 100.0%, p10 100.0%, lowest logical median 100.0%",,,600,600.75,"CPU verify=3566138, canary=3566138, errors=0","CPU stage is using the native helper backend (scalar, kernel scalar)",VALIDATED,high,no,"Correct target/backend, sustained duration/load or pressure, durable progress/integrity evidence, truthful verdict.",results/2026-08-12_11-07-28_x86_64 CPU Full Validation
AMD Ryzen 7 5700G with Radeon Graphics,x86_64 CPU Full Validation,x86_cpu_native_sse,cpu,"CPU [0, 1, 2, 3, 4, 5, 6, 7, 8, 9, 10, 11, 12, 13, 14, 15]","CPU [0, 1, 2, 3, 4, 5, 6, 7, 8, 9, 10, 11, 12, 13, 14, 15]",cpu:native,cpu:cpu_native_helper,16,16,sse,sse2_int,target-CPU saturation,"CPU median 100.0%, p10 100.0%, lowest logical median 100.0%",,,600,600.18,"CPU verify=15548281, canary=15548281, errors=0","CPU stage is using the native helper backend (sse, kernel sse2)",VALIDATED,high,no,"Correct target/backend, sustained duration/load or pressure, durable progress/integrity evidence, truthful verdict.",results/2026-08-12_11-07-28_x86_64 CPU Full Validation
AMD Ryzen 7 5700G with Radeon Graphics,x86_64 CPU Full Validation,x86_cpu_python,cpu,"CPU [0, 1, 2, 3, 4, 5, 6, 7, 8, 9, 10, 11, 12, 13, 14, 15]","CPU [0, 1, 2, 3, 4, 5, 6, 7, 8, 9, 10, 11, 12, 13, 14, 15]",cpu:python_fallback,cpu:python_fallback,16,16,auto,,target-CPU saturation,"CPU median 100.0%, p10 100.0%, lowest logical median 100.0%",,,600,600.75,"CPU verify=, canary=, errors=0",CPU stage is using Python fallback; load strength is approximate,UNPROVEN DUE TO INSUFFICIENT EVIDENCE,high,yes,"All workers were pinned, saturated their targets, and made PBKDF2 progress, but the saved worker did not verify computed results.",results/2026-08-12_11-07-28_x86_64 CPU Full Validation
AMD Ryzen 7 5700G with Radeon Graphics,x86_64 CPU Full Validation,x86_cpu_stress_ng,cpu,"CPU [0, 1, 2, 3, 4, 5, 6, 7, 8, 9, 10, 11, 12, 13, 14, 15]","CPU [0, 1, 2, 3, 4, 5, 6, 7, 8, 9, 10, 11, 12, 13, 14, 15]",cpu:stress_ng,cpu:stress_ng,16,None,auto,,target-CPU saturation,"CPU median 100.0%, p10 100.0%, lowest logical median 100.0%",,,600,600.19,"CPU verify=, canary=, errors=0",CPU stage is using stress-ng,UNPROVEN DUE TO INSUFFICIENT EVIDENCE,high,yes,"All intended CPUs were saturated and bogo progress was positive, but the command did not enable stress-ng verification.",results/2026-08-12_11-07-28_x86_64 CPU Full Validation
AMD Ryzen 7 5700G with Radeon Graphics,x86_64 CPU Targeting Functional,x86_target_native_auto,cpu,"CPU [0, 1, 2, 3, 4, 5, 6, 7, 8, 9, 10, 11, 12, 13, 14, 15]","CPU [0, 1, 2, 3, 4, 5, 6, 7, 8, 9, 10, 11, 12, 13, 14, 15]",cpu:native,cpu:cpu_native_helper,16,16,auto,avx2_fma,target-CPU saturation,"CPU median 100.0%, p10 100.0%, lowest logical median 100.0%",,,90,90.26,"CPU verify=1816008, canary=1816008, errors=0","CPU stage is using the native helper backend (auto, kernel avx2_fma); CPU stage will auto-tune at runtime for maximum package power; the executed mode/kernel may differ from the dry-run preview",VALIDATED,high,no,"Correct target/backend, sustained duration/load or pressure, durable progress/integrity evidence, truthful verdict.",results/2026-08-12_11-00-48_x86_64 CPU Targeting Functional
AMD Ryzen 7 5700G with Radeon Graphics,x86_64 CPU Targeting Functional,x86_target_python,cpu,"CPU [0, 1, 2, 3, 4, 5, 6, 7, 8, 9, 10, 11, 12, 13, 14, 15]","CPU [0, 1, 2, 3, 4, 5, 6, 7, 8, 9, 10, 11, 12, 13, 14, 15]",cpu:python_fallback,cpu:python_fallback,16,16,auto,,target-CPU saturation,"CPU median 100.0%, p10 100.0%, lowest logical median 100.0%",,,90,91.14,"CPU verify=, canary=, errors=0",CPU stage is using Python fallback; load strength is approximate,UNPROVEN DUE TO INSUFFICIENT EVIDENCE,high,yes,"All workers were pinned, saturated their targets, and made PBKDF2 progress, but the saved worker did not verify computed results.",results/2026-08-12_11-00-48_x86_64 CPU Targeting Functional
AMD Ryzen 7 5700G with Radeon Graphics,x86_64 CPU Targeting Functional,x86_target_stress_ng,cpu,"CPU [0, 1, 2, 3, 4, 5, 6, 7, 8, 9, 10, 11, 12, 13, 14, 15]","CPU [0, 1, 2, 3, 4, 5, 6, 7, 8, 9, 10, 11, 12, 13, 14, 15]",cpu:stress_ng,cpu:stress_ng,16,None,auto,,target-CPU saturation,"CPU median 100.0%, p10 100.0%, lowest logical median 100.0%",,,90,90.3,"CPU verify=, canary=, errors=0",CPU stage is using stress-ng,UNPROVEN DUE TO INSUFFICIENT EVIDENCE,high,yes,"All intended CPUs were saturated and bogo progress was positive, but the command did not enable stress-ng verification.",results/2026-08-12_11-00-48_x86_64 CPU Targeting Functional
AMD Ryzen 7 5700G with Radeon Graphics,x86_64 Memory Full Validation,x86_memory_native,memory,system RAM,system RAM,memory:native,memory:memory_native_helper,,,,,RAM 80% allocation/pressure,"RAM target 24.96 GiB, used median 29.03 GiB, max 29.07 GiB",RAM 80%,"RAM backend=memory_native_helper, achieved=24.96 GiB, ratio=None, verify=4205, allocation_verified=, errors=0",600,602.39,"RAM backend=memory_native_helper, achieved=24.96 GiB, ratio=None, verify=4205, allocation_verified=, errors=0",,VALIDATED,high,no,"Correct target/backend, sustained duration/load or pressure, durable progress/integrity evidence, truthful verdict.",results/2026-08-12_12-21-23_x86_64 Memory Full Validation
AMD Ryzen 7 5700G with Radeon Graphics,x86_64 Memory Full Validation,x86_memory_python,memory,system RAM,system RAM,memory:python_fallback,memory:python_fallback,,,,,RAM 80% allocation/pressure,"RAM target 1.71 GiB, used median 5.8 GiB, max 5.87 GiB",RAM 80%,"RAM backend=python_fallback, achieved=1.71 GiB, ratio=1.0, verify=, allocation_verified=False, errors=0",600,600.95,"RAM backend=python_fallback, achieved=1.71 GiB, ratio=1.0, verify=, allocation_verified=False, errors=0",Memory stage is using Python fallback; behavior is approximate,UNPROVEN DUE TO INSUFFICIENT EVIDENCE,high,yes,"Allocation retained, but allocation_verified=false and worker performs no ongoing integrity cycle; some systems were materially capped.",results/2026-08-12_12-21-23_x86_64 Memory Full Validation
AMD Ryzen 7 5700G with Radeon Graphics,x86_64 Memory Full Validation,x86_memory_stress_ng,memory,system RAM,system RAM,memory:stress_ng,memory:stress_ng,,,,,RAM 80% allocation/pressure,"RAM target 24.96 GiB, used median 29.14 GiB, max 29.18 GiB",RAM 80%,,600,606.07,,,UNPROVEN DUE TO INSUFFICIENT EVIDENCE,high,yes,"Pressure sustained, but command/result lacks durable bogo/progress and explicit verification evidence.",results/2026-08-12_12-21-23_x86_64 Memory Full Validation
AMD Ryzen 7 5700G with Radeon Graphics,x86_64 Multi-GPU Combined Full Validation,x86_combined_cpu_ram,cpu+memory,"CPU [0, 1, 2, 3, 4, 5, 6, 7, 8, 9, 10, 11, 12, 13, 14, 15]; system RAM","CPU [0, 1, 2, 3, 4, 5, 6, 7, 8, 9, 10, 11, 12, 13, 14, 15]; system RAM",cpu:native; memory:native,cpu:cpu_native_helper; memory:memory_native_helper,16,16,auto,avx2_fma,target-CPU saturation; RAM 80% allocation/pressure,"CPU median 100.0%, p10 100.0%, lowest logical median 100.0%; RAM target 24.96 GiB, used median 29.14 GiB, max 29.19 GiB",RAM 80%,"RAM backend=memory_native_helper, achieved=24.96 GiB, ratio=None, verify=4058, allocation_verified=, errors=0",600,601.72,"CPU verify=6586097, canary=6586097, errors=0; RAM backend=memory_native_helper, achieved=24.96 GiB, ratio=None, verify=4058, allocation_verified=, errors=0","CPU stage is using the native helper backend (auto, kernel avx2_fma); CPU stage will auto-tune at runtime for maximum package power; the executed mode/kernel may differ from the dry-run preview",VALIDATED,high,no,"Correct target/backend, sustained duration/load or pressure, durable progress/integrity evidence, truthful verdict.",results/2026-08-12_16-02-14_x86_64 Multi-GPU Combined Full Validation
AMD Ryzen 7 5700G with Radeon Graphics,x86_64 Multi-GPU Combined Full Validation,x86_combined_full,cpu+memory+gpu_3d+vram,"CPU [0, 1, 2, 3, 4, 5, 6, 7, 8, 9, 10, 11, 12, 13, 14, 15]; system RAM; GPU all; GPU memory all","CPU [0, 1, 2, 3, 4, 5, 6, 7, 8, 9, 10, 11, 12, 13, 14, 15]; system RAM; GPU 0000:01:00.0",cpu:native; memory:native; gpu_3d:vulkan_compute; vram:vulkan,cpu:cpu_native_helper; memory:memory_native_helper; gpu_3d:python_vulkan_compute; vram:python_vulkan_compute,16,16,auto,avx2_fma,target-CPU saturation; RAM 70% allocation/pressure; sustained GPU progress and verification,"CPU median 100.0%, p10 100.0%, lowest logical median 100.0%; RAM target 21.84 GiB, used median 25.95 GiB, max 26.03 GiB",RAM 70%; VRAM 70%,"RAM backend=memory_native_helper, achieved=21.84 GiB, ratio=None, verify=4613, allocation_verified=, errors=0",600,602.25,"CPU verify=6577840, canary=6577840, errors=0; RAM backend=memory_native_helper, achieved=21.84 GiB, ratio=None, verify=4613, allocation_verified=, errors=0; GPU status=None, iterations=, verify=, error=","CPU stage is using the native helper backend (auto, kernel avx2_fma); CPU stage will auto-tune at runtime for maximum package power; the executed mode/kernel may differ from the dry-run preview; 3D stage is using the suite-native Vulkan compute/readback backend; 3D Vulkan compute variant 'stress_hash' selected; 3D Vulkan compute variant 'stress_hash' is experimental; hash remains the validated production path; 3D intensity 'extreme' is shaping suite-native GPU load scaling for this stage; Mixed-stage Vulkan VRAM workers are fused GPU+VRAM stateful-memory workers on 0000:01:00.0; separate same-target Vulkan 3D workers are not launched to avoid doubling Vulkan worker pressure; 3D backend 'python_vulkan_compute' is curated as Vulkan / parametric / compute_readback / purpose=suite_native_gpu_stress; VRAM stage is using the suite-native Vulkan stateful-memory/readback backend; Internal GPU workers will ramp from 35% load over approximately 45s; {'timestamp': '2026-08-12T16:52:27.591964-04:00', 'category': 'worker_exit', 'severity': 'error', 'stage': 'x86_64 Full CPU RAM Shared iGPU and Dedicated dGPU Pressure', 'source': 'vram', 'message': 'vram worker exited early with code 1', 'details': {'return_code': 1, 'command': ['env', 'DRI_PRIME=pci-0000_01_00_0', 'MESA_VK_DEVICE_SELECT=10de:2b85', '/var/home/empc/Documents/Test Build 0.2.0.b-alpha [x86-64]/.venv/bin/python', 'native/vulkan_compute_worker.py', '--target-vendor', 'NVIDIA', '--target-vendor-id', '0x10de', '--target-device-id', '0x2b85', '--target-device-name', 'NVIDIA GeForce RTX 5090', '--target-card', 'card1', '--target-slot', '0000:01:00.0', '--target-id', '0000:01:00.0', '--physical-gpu-id', '', '--target-gpu-index', '0', '--target-vram-total', '34190917632', '--buffer-bytes', '23933642342', '--system-memory-fixed-commitment-bytes', '1048576', '--ramp-step-seconds', '15.0', '--start-load-fraction', '0.35', '--result-file', 'results/2026-08-12_16-02-14_x86_64 Multi-GPU Combined Full Validation/worker_results/x86_combined_full_vram_1.json', '--device-class', 'discrete', '--profile-mode', 'steady', '--profile-intensity', 'extreme', '--tuning-step', '0', '--compute-rounds', '7', '--kernel-variant', 'stateful_memory', '--dispatch-repeats', '1'], 'backend': 'python_vulkan_compute', 'target_id': '0000:01:00.0', 'stdout_path': 'results/2026-08-12_16-02-14_x86_64 Multi-GPU Combined Full Validation/worker_logs/x86_combined_full_vram_3.stdout.log', 'stderr_path': 'results/2026-08-12_16-02-14_x86_64 Multi-GPU Combined Full Validation/worker_logs/x86_combined_full_vram_3.stderr.log', 'stdout_tail': '', 'stderr_tail': 'Traceback (most recent call last):\n  File ""/var/home/empc/Documents/Test Build 0.2.0.b-alpha [x86-64]/native/vulkan_compute_worker.py"", line 14, in <module>\n    from Modules.lvs_runtime_memory_guard import claim_runtime_allocation_growth, release_runtime_allocation_claim\nModuleNotFoundError: No module named \'Modules\''}}","PARTIALLY EXECUTED, NOT VALIDATED",high,yes,"CPU/RAM participant ran, but required Vulkan participant failed at startup; intended concurrency was absent.",results/2026-08-12_16-02-14_x86_64 Multi-GPU Combined Full Validation
AMD Ryzen 7 5700G with Radeon Graphics,x86_64 Multi-GPU Combined Full Validation,x86_combined_igpu_dgpu,gpu_3d,GPU all,GPU 0000:01:00.0,gpu_3d:vulkan_compute,gpu_3d:python_vulkan_compute,,,,,sustained GPU progress and verification,,,,600,600.18,"GPU status=None, iterations=, verify=, error=","3D stage is using the suite-native Vulkan compute/readback backend; 3D Vulkan compute variant 'stress_hash' selected; 3D Vulkan compute variant 'stress_hash' is experimental; hash remains the validated production path; 3D intensity 'extreme' is shaping suite-native GPU load scaling for this stage; 3D backend 'python_vulkan_compute' is curated as Vulkan / parametric / compute_readback / purpose=suite_native_gpu_stress; Internal GPU workers will ramp from 35% load over approximately 45s; {'timestamp': '2026-08-12T16:32:24.194861-04:00', 'category': 'worker_exit', 'severity': 'error', 'stage': 'x86_64 Shared iGPU plus Dedicated dGPU Vulkan Compute', 'source': 'gpu_3d', 'message': 'gpu_3d worker exited early with code 1', 'details': {'return_code': 1, 'command': ['env', 'DRI_PRIME=pci-0000_01_00_0', 'MESA_VK_DEVICE_SELECT=10de:2b85', '/var/home/empc/Documents/Test Build 0.2.0.b-alpha [x86-64]/.venv/bin/python', 'native/vulkan_compute_worker.py', '--target-vendor', 'NVIDIA', '--target-vendor-id', '0x10de', '--target-device-id', '0x2b85', '--target-device-name', 'NVIDIA GeForce RTX 5090', '--target-card', 'card1', '--target-slot', '0000:01:00.0', '--target-id', '0000:01:00.0', '--physical-gpu-id', '', '--target-gpu-index', '0', '--target-vram-total', '34190917632', '--buffer-bytes', '1073741824', '--system-memory-fixed-commitment-bytes', '1048576', '--ramp-step-seconds', '15.0', '--start-load-fraction', '0.35', '--result-file', 'results/2026-08-12_16-02-14_x86_64 Multi-GPU Combined Full Validation/worker_results/x86_combined_igpu_dgpu_gpu_3d_1.json', '--device-class', 'discrete', '--profile-mode', 'steady', '--profile-intensity', 'extreme', '--tuning-step', '0', '--compute-rounds', '160', '--kernel-variant', 'stress_hash', '--dispatch-repeats', '6'], 'backend': 'python_vulkan_compute', 'target_id': '0000:01:00.0', 'stdout_path': 'results/2026-08-12_16-02-14_x86_64 Multi-GPU Combined Full Validation/worker_logs/x86_combined_igpu_dgpu_gpu_3d_1.stdout.log', 'stderr_path': 'results/2026-08-12_16-02-14_x86_64 Multi-GPU Combined Full Validation/worker_logs/x86_combined_igpu_dgpu_gpu_3d_1.stderr.log', 'stdout_tail': '', 'stderr_tail': 'Traceback (most recent call last):\n  File ""/var/home/empc/Documents/Test Build 0.2.0.b-alpha [x86-64]/native/vulkan_compute_worker.py"", line 14, in <module>\n    from Modules.lvs_runtime_memory_guard import claim_runtime_allocation_growth, release_runtime_allocation_claim\nModuleNotFoundError: No module named \'Modules\''}}",FAILED,high,yes,Vulkan worker exited at startup on Modules.lvs_runtime_memory_guard import failure; no workload progress/verification.,results/2026-08-12_16-02-14_x86_64 Multi-GPU Combined Full Validation
AMD Ryzen 7 5700G with Radeon Graphics,x86_64 Multi-GPU Combined Full Validation,x86_combined_ram_all_gpu_memory,memory+vram,system RAM; GPU memory all,system RAM; GPU 0000:01:00.0,memory:native; vram:vulkan,memory:memory_native_helper; vram:python_vulkan_compute,,,,,RAM 70% allocation/pressure; sustained GPU progress and verification,"RAM target 21.84 GiB, used median 25.96 GiB, max 26.02 GiB",RAM 70%; VRAM 70%,"RAM backend=memory_native_helper, achieved=21.84 GiB, ratio=None, verify=4824, allocation_verified=, errors=0",600,601.53,"RAM backend=memory_native_helper, achieved=21.84 GiB, ratio=None, verify=4824, allocation_verified=, errors=0; GPU status=None, iterations=, verify=, error=","VRAM stage is using the suite-native Vulkan stateful-memory/readback backend; Internal GPU workers will ramp from 35% load over approximately 45s; {'timestamp': '2026-08-12T16:42:26.106295-04:00', 'category': 'worker_exit', 'severity': 'error', 'stage': 'x86_64 RAM plus Shared iGPU and Dedicated dGPU Memory', 'source': 'vram', 'message': 'vram worker exited early with code 1', 'details': {'return_code': 1, 'command': ['env', 'DRI_PRIME=pci-0000_01_00_0', 'MESA_VK_DEVICE_SELECT=10de:2b85', '/var/home/empc/Documents/Test Build 0.2.0.b-alpha [x86-64]/.venv/bin/python', 'native/vulkan_compute_worker.py', '--target-vendor', 'NVIDIA', '--target-vendor-id', '0x10de', '--target-device-id', '0x2b85', '--target-device-name', 'NVIDIA GeForce RTX 5090', '--target-card', 'card1', '--target-slot', '0000:01:00.0', '--target-id', '0000:01:00.0', '--physical-gpu-id', '', '--target-gpu-index', '0', '--target-vram-total', '34190917632', '--buffer-bytes', '23933642342', '--system-memory-fixed-commitment-bytes', '1048576', '--ramp-step-seconds', '15.0', '--start-load-fraction', '0.35', '--result-file', 'results/2026-08-12_16-02-14_x86_64 Multi-GPU Combined Full Validation/worker_results/x86_combined_ram_all_gpu_memory_vram_1.json', '--device-class', 'discrete', '--profile-mode', 'steady', '--profile-intensity', 'extreme', '--tuning-step', '0', '--compute-rounds', '7', '--kernel-variant', 'stateful_memory', '--dispatch-repeats', '1'], 'backend': 'python_vulkan_compute', 'target_id': '0000:01:00.0', 'stdout_path': 'results/2026-08-12_16-02-14_x86_64 Multi-GPU Combined Full Validation/worker_logs/x86_combined_ram_all_gpu_memory_vram_2.stdout.log', 'stderr_path': 'results/2026-08-12_16-02-14_x86_64 Multi-GPU Combined Full Validation/worker_logs/x86_combined_ram_all_gpu_memory_vram_2.stderr.log', 'stdout_tail': '', 'stderr_tail': 'Traceback (most recent call last):\n  File ""/var/home/empc/Documents/Test Build 0.2.0.b-alpha [x86-64]/native/vulkan_compute_worker.py"", line 14, in <module>\n    from Modules.lvs_runtime_memory_guard import claim_runtime_allocation_growth, release_runtime_allocation_claim\nModuleNotFoundError: No module named \'Modules\''}}","PARTIALLY EXECUTED, NOT VALIDATED",high,yes,"CPU/RAM participant ran, but required Vulkan participant failed at startup; intended concurrency was absent.",results/2026-08-12_16-02-14_x86_64 Multi-GPU Combined Full Validation
AMD Ryzen 7 5700G with Radeon Graphics,x86_64 Multi-GPU Combined Full Validation,x86_combined_ram_dgpu,memory+vram,system RAM; GPU memory discrete_all,system RAM; GPU 0000:01:00.0,memory:native; vram:vulkan,memory:memory_native_helper; vram:python_vulkan_compute,,,,,RAM 80% allocation/pressure; sustained GPU progress and verification,"RAM target 24.96 GiB, used median 29.08 GiB, max 29.18 GiB",RAM 80%; VRAM 90%,"RAM backend=memory_native_helper, achieved=24.96 GiB, ratio=None, verify=4233, allocation_verified=, errors=0",600,603.4,"RAM backend=memory_native_helper, achieved=24.96 GiB, ratio=None, verify=4233, allocation_verified=, errors=0; GPU status=None, iterations=, verify=, error=","VRAM stage is using the suite-native Vulkan stateful-memory/readback backend; Internal GPU workers will ramp from 35% load over approximately 45s; {'timestamp': '2026-08-12T16:22:22.437701-04:00', 'category': 'worker_exit', 'severity': 'error', 'stage': 'x86_64 Native RAM plus Dedicated dGPU Vulkan VRAM', 'source': 'vram', 'message': 'vram worker exited early with code 1', 'details': {'return_code': 1, 'command': ['env', 'DRI_PRIME=pci-0000_01_00_0', 'MESA_VK_DEVICE_SELECT=10de:2b85', '/var/home/empc/Documents/Test Build 0.2.0.b-alpha [x86-64]/.venv/bin/python', 'native/vulkan_compute_worker.py', '--target-vendor', 'NVIDIA', '--target-vendor-id', '0x10de', '--target-device-id', '0x2b85', '--target-device-name', 'NVIDIA GeForce RTX 5090', '--target-card', 'card1', '--target-slot', '0000:01:00.0', '--target-id', '0000:01:00.0', '--physical-gpu-id', '', '--target-gpu-index', '0', '--target-vram-total', '34190917632', '--buffer-bytes', '30771825868', '--system-memory-fixed-commitment-bytes', '1048576', '--ramp-step-seconds', '15.0', '--start-load-fraction', '0.35', '--result-file', 'results/2026-08-12_16-02-14_x86_64 Multi-GPU Combined Full Validation/worker_results/x86_combined_ram_dgpu_vram_1.json', '--device-class', 'discrete', '--profile-mode', 'steady', '--profile-intensity', 'extreme', '--tuning-step', '0', '--compute-rounds', '7', '--kernel-variant', 'stateful_memory', '--dispatch-repeats', '1'], 'backend': 'python_vulkan_compute', 'target_id': '0000:01:00.0', 'stdout_path': 'results/2026-08-12_16-02-14_x86_64 Multi-GPU Combined Full Validation/worker_logs/x86_combined_ram_dgpu_vram_2.stdout.log', 'stderr_path': 'results/2026-08-12_16-02-14_x86_64 Multi-GPU Combined Full Validation/worker_logs/x86_combined_ram_dgpu_vram_2.stderr.log', 'stdout_tail': '', 'stderr_tail': 'Traceback (most recent call last):\n  File ""/var/home/empc/Documents/Test Build 0.2.0.b-alpha [x86-64]/native/vulkan_compute_worker.py"", line 14, in <module>\n    from Modules.lvs_runtime_memory_guard import claim_runtime_allocation_growth, release_runtime_allocation_claim\nModuleNotFoundError: No module named \'Modules\''}}","PARTIALLY EXECUTED, NOT VALIDATED",high,yes,"CPU/RAM participant ran, but required Vulkan participant failed at startup; intended concurrency was absent.",results/2026-08-12_16-02-14_x86_64 Multi-GPU Combined Full Validation
AMD Ryzen 7 5700G with Radeon Graphics,x86_64 Multi-GPU Combined Full Validation,x86_combined_ram_igpu,memory+gpu_3d,system RAM; GPU integrated_all,system RAM,memory:native; gpu_3d:vulkan_compute,memory:memory_native_helper; gpu_3d:python_vulkan_compute,,,,,RAM 70% allocation/pressure; sustained GPU progress and verification,"RAM target 21.84 GiB, used median 25.97 GiB, max 26.03 GiB",RAM 70%; GPU3D 70%,"RAM backend=memory_native_helper, achieved=21.84 GiB, ratio=None, verify=4827, allocation_verified=, errors=0",600,601.71,"RAM backend=memory_native_helper, achieved=21.84 GiB, ratio=None, verify=4827, allocation_verified=, errors=0; GPU status=None, iterations=, verify=, error=","3D stage is using the suite-native Vulkan compute/readback backend; 3D Vulkan compute variant 'stateful_memory' selected; 3D Vulkan compute variant 'stateful_memory' is experimental; hash remains the validated production path; 3D Vulkan stateful-memory allocation target is explicitly set to 70% with capacity-based safety reserves; 3D intensity 'extreme' is shaping suite-native GPU load scaling for this stage; 3D backend 'python_vulkan_compute' is curated as Vulkan / parametric / compute_readback / purpose=suite_native_gpu_stress; Internal GPU workers will ramp from 35% load over approximately 45s; {'timestamp': '2026-08-12T16:12:20.772910-04:00', 'category': 'worker_exit', 'severity': 'error', 'stage': 'x86_64 Native RAM plus Shared iGPU Stateful Memory', 'source': 'gpu_3d', 'message': 'gpu_3d worker exited early with code 1', 'details': {'return_code': 1, 'command': ['/var/home/empc/Documents/Test Build 0.2.0.b-alpha [x86-64]/.venv/bin/python', 'native/vulkan_compute_worker.py', '--target-vendor', '', '--target-vendor-id', '', '--target-device-id', '', '--target-device-name', '', '--target-card', '', '--target-slot', '', '--target-id', '', '--physical-gpu-id', '', '--target-gpu-index', '0', '--target-vram-total', '0', '--buffer-bytes', '1073741824', '--system-memory-fixed-commitment-bytes', '1048576', '--ramp-step-seconds', '15.0', '--start-load-fraction', '0.35', '--result-file', 'results/2026-08-12_16-02-14_x86_64 Multi-GPU Combined Full Validation/worker_results/x86_combined_ram_igpu_gpu_3d_1.json', '--device-class', 'unknown', '--profile-mode', 'steady', '--profile-intensity', 'extreme', '--tuning-step', '0', '--compute-rounds', '3', '--kernel-variant', 'stateful_memory', '--dispatch-repeats', '1'], 'backend': 'python_vulkan_compute', 'target_id': '', 'stdout_path': 'results/2026-08-12_16-02-14_x86_64 Multi-GPU Combined Full Validation/worker_logs/x86_combined_ram_igpu_gpu_3d_2.stdout.log', 'stderr_path': 'results/2026-08-12_16-02-14_x86_64 Multi-GPU Combined Full Validation/worker_logs/x86_combined_ram_igpu_gpu_3d_2.stderr.log', 'stdout_tail': '', 'stderr_tail': 'Traceback (most recent call last):\n  File ""/var/home/empc/Documents/Test Build 0.2.0.b-alpha [x86-64]/native/vulkan_compute_worker.py"", line 14, in <module>\n    from Modules.lvs_runtime_memory_guard import claim_runtime_allocation_growth, release_runtime_allocation_claim\nModuleNotFoundError: No module named \'Modules\''}}","PARTIALLY EXECUTED, NOT VALIDATED",high,yes,"CPU/RAM participant ran, but required Vulkan participant failed at startup; intended concurrency was absent.",results/2026-08-12_16-02-14_x86_64 Multi-GPU Combined Full Validation
AMD Ryzen 7 5700G with Radeon Graphics,x86_64 NVIDIA dGPU Full Validation,nvidia_dgpu_vulkan_compute,gpu_3d,GPU discrete_all,GPU 0000:01:00.0,gpu_3d:vulkan_compute,gpu_3d:python_vulkan_compute,,,,,sustained GPU progress and verification,,,,600,600.83,"GPU status=None, iterations=, verify=, error=","3D stage is using the suite-native Vulkan compute/readback backend; 3D Vulkan compute variant 'stress_hash' selected; 3D Vulkan compute variant 'stress_hash' is experimental; hash remains the validated production path; 3D intensity 'extreme' is shaping suite-native GPU load scaling for this stage; 3D backend 'python_vulkan_compute' is curated as Vulkan / parametric / compute_readback / purpose=suite_native_gpu_stress; Internal GPU workers will ramp from 35% load over approximately 45s; {'timestamp': '2026-08-12T14:55:03.738970-04:00', 'category': 'worker_exit', 'severity': 'error', 'stage': 'NVIDIA dGPU Vulkan Compute and Readback Sustained', 'source': 'gpu_3d', 'message': 'gpu_3d worker exited early with code 1', 'details': {'return_code': 1, 'command': ['env', 'DRI_PRIME=pci-0000_01_00_0', 'MESA_VK_DEVICE_SELECT=10de:2b85', '/var/home/empc/Documents/Test Build 0.2.0.b-alpha [x86-64]/.venv/bin/python', 'native/vulkan_compute_worker.py', '--target-vendor', 'NVIDIA', '--target-vendor-id', '0x10de', '--target-device-id', '0x2b85', '--target-device-name', 'NVIDIA GeForce RTX 5090', '--target-card', 'card1', '--target-slot', '0000:01:00.0', '--target-id', '0000:01:00.0', '--physical-gpu-id', '', '--target-gpu-index', '0', '--target-vram-total', '34190917632', '--buffer-bytes', '1073741824', '--system-memory-fixed-commitment-bytes', '1048576', '--ramp-step-seconds', '15.0', '--start-load-fraction', '0.35', '--result-file', 'results/2026-08-12_14-55-01_x86_64 NVIDIA dGPU Full Validation/worker_results/nvidia_dgpu_vulkan_compute_gpu_3d_1.json', '--device-class', 'discrete', '--profile-mode', 'steady', '--profile-intensity', 'extreme', '--tuning-step', '0', '--compute-rounds', '160', '--kernel-variant', 'stress_hash', '--dispatch-repeats', '6'], 'backend': 'python_vulkan_compute', 'target_id': '0000:01:00.0', 'stdout_path': 'results/2026-08-12_14-55-01_x86_64 NVIDIA dGPU Full Validation/worker_logs/nvidia_dgpu_vulkan_compute_gpu_3d_1.stdout.log', 'stderr_path': 'results/2026-08-12_14-55-01_x86_64 NVIDIA dGPU Full Validation/worker_logs/nvidia_dgpu_vulkan_compute_gpu_3d_1.stderr.log', 'stdout_tail': '', 'stderr_tail': 'Traceback (most recent call last):\n  File ""/var/home/empc/Documents/Test Build 0.2.0.b-alpha [x86-64]/native/vulkan_compute_worker.py"", line 14, in <module>\n    from Modules.lvs_runtime_memory_guard import claim_runtime_allocation_growth, release_runtime_allocation_claim\nModuleNotFoundError: No module named \'Modules\''}}",FAILED,high,yes,Vulkan worker exited at startup on Modules.lvs_runtime_memory_guard import failure; no workload progress/verification.,results/2026-08-12_14-55-01_x86_64 NVIDIA dGPU Full Validation
AMD Ryzen 7 5700G with Radeon Graphics,x86_64 NVIDIA dGPU Full Validation,nvidia_dgpu_vulkan_stateful,gpu_3d,GPU discrete_all,GPU 0000:01:00.0,gpu_3d:vulkan_compute,gpu_3d:python_vulkan_compute,,,,,sustained GPU progress and verification,,GPU3D 90%,,600,600.89,"GPU status=None, iterations=, verify=, error=","3D stage is using the suite-native Vulkan compute/readback backend; 3D Vulkan compute variant 'stateful_memory' selected; 3D Vulkan compute variant 'stateful_memory' is experimental; hash remains the validated production path; 3D Vulkan stateful-memory allocation target is explicitly set to 90% with capacity-based safety reserves; 3D intensity 'extreme' is shaping suite-native GPU load scaling for this stage; 3D backend 'python_vulkan_compute' is curated as Vulkan / parametric / compute_readback / purpose=suite_native_gpu_stress; Internal GPU workers will ramp from 35% load over approximately 45s; {'timestamp': '2026-08-12T15:15:05.463328-04:00', 'category': 'worker_exit', 'severity': 'error', 'stage': 'NVIDIA dGPU Vulkan Stateful Dedicated Memory Sustained', 'source': 'gpu_3d', 'message': 'gpu_3d worker exited early with code 1', 'details': {'return_code': 1, 'command': ['env', 'DRI_PRIME=pci-0000_01_00_0', 'MESA_VK_DEVICE_SELECT=10de:2b85', '/var/home/empc/Documents/Test Build 0.2.0.b-alpha [x86-64]/.venv/bin/python', 'native/vulkan_compute_worker.py', '--target-vendor', 'NVIDIA', '--target-vendor-id', '0x10de', '--target-device-id', '0x2b85', '--target-device-name', 'NVIDIA GeForce RTX 5090', '--target-card', 'card1', '--target-slot', '0000:01:00.0', '--target-id', '0000:01:00.0', '--physical-gpu-id', '', '--target-gpu-index', '0', '--target-vram-total', '34190917632', '--buffer-bytes', '30771822592', '--system-memory-fixed-commitment-bytes', '1048576', '--ramp-step-seconds', '15.0', '--start-load-fraction', '0.35', '--result-file', 'results/2026-08-12_14-55-01_x86_64 NVIDIA dGPU Full Validation/worker_results/nvidia_dgpu_vulkan_stateful_gpu_3d_1.json', '--device-class', 'discrete', '--profile-mode', 'steady', '--profile-intensity', 'extreme', '--tuning-step', '0', '--compute-rounds', '7', '--kernel-variant', 'stateful_memory', '--dispatch-repeats', '1'], 'backend': 'python_vulkan_compute', 'target_id': '0000:01:00.0', 'stdout_path': 'results/2026-08-12_14-55-01_x86_64 NVIDIA dGPU Full Validation/worker_logs/nvidia_dgpu_vulkan_stateful_gpu_3d_1.stdout.log', 'stderr_path': 'results/2026-08-12_14-55-01_x86_64 NVIDIA dGPU Full Validation/worker_logs/nvidia_dgpu_vulkan_stateful_gpu_3d_1.stderr.log', 'stdout_tail': '', 'stderr_tail': 'Traceback (most recent call last):\n  File ""/var/home/empc/Documents/Test Build 0.2.0.b-alpha [x86-64]/native/vulkan_compute_worker.py"", line 14, in <module>\n    from Modules.lvs_runtime_memory_guard import claim_runtime_allocation_growth, release_runtime_allocation_claim\nModuleNotFoundError: No module named \'Modules\''}}",FAILED,high,yes,Vulkan worker exited at startup on Modules.lvs_runtime_memory_guard import failure; no workload progress/verification.,results/2026-08-12_14-55-01_x86_64 NVIDIA dGPU Full Validation
AMD Ryzen 7 5700G with Radeon Graphics,x86_64 NVIDIA dGPU Full Validation,nvidia_dgpu_vulkan_transfer,gpu_3d,GPU discrete_all,GPU 0000:01:00.0,gpu_3d:vulkan,gpu_3d:python_vulkan_transfer,,,,,sustained GPU progress and verification,,,,600,600.81,"GPU status=None, iterations=, verify=, error=","3D stage is using the suite-native Vulkan transfer/readback backend; Vulkan transfer/readback validates Vulkan routing and memory movement; it is not yet a shader or ray-tracing saturation workload; 3D intensity 'extreme' is shaping suite-native GPU load scaling for this stage; 3D backend 'python_vulkan_transfer' is curated as Vulkan / parametric / transfer_readback / purpose=transfer_diagnostic; Internal GPU workers will ramp from 35% load over approximately 45s; {'timestamp': '2026-08-12T15:05:04.618888-04:00', 'category': 'worker_exit', 'severity': 'error', 'stage': 'NVIDIA dGPU Vulkan Transfer and Readback Sustained', 'source': 'gpu_3d', 'message': 'gpu_3d worker exited early with code 1', 'details': {'return_code': 1, 'command': ['env', 'DRI_PRIME=pci-0000_01_00_0', 'MESA_VK_DEVICE_SELECT=10de:2b85', '/var/home/empc/Documents/Test Build 0.2.0.b-alpha [x86-64]/.venv/bin/python', 'native/vulkan_transfer_worker.py', '--target-vendor', 'NVIDIA', '--target-vendor-id', '0x10de', '--target-device-id', '0x2b85', '--target-device-name', 'NVIDIA GeForce RTX 5090', '--target-card', 'card1', '--target-slot', '0000:01:00.0', '--target-id', '0000:01:00.0', '--physical-gpu-id', '', '--target-gpu-index', '0', '--target-vram-total', '34190917632', '--buffer-bytes', '402653184', '--ramp-step-seconds', '15.0', '--start-load-fraction', '0.35', '--result-file', 'results/2026-08-12_14-55-01_x86_64 NVIDIA dGPU Full Validation/worker_results/nvidia_dgpu_vulkan_transfer_gpu_3d_1.json', '--device-class', 'discrete', '--profile-mode', 'steady', '--profile-intensity', 'extreme', '--tuning-step', '0'], 'backend': 'python_vulkan_transfer', 'target_id': '0000:01:00.0', 'stdout_path': 'results/2026-08-12_14-55-01_x86_64 NVIDIA dGPU Full Validation/worker_logs/nvidia_dgpu_vulkan_transfer_gpu_3d_1.stdout.log', 'stderr_path': 'results/2026-08-12_14-55-01_x86_64 NVIDIA dGPU Full Validation/worker_logs/nvidia_dgpu_vulkan_transfer_gpu_3d_1.stderr.log', 'stdout_tail': '', 'stderr_tail': 'Traceback (most recent call last):\n  File ""/var/home/empc/Documents/Test Build 0.2.0.b-alpha [x86-64]/native/vulkan_transfer_worker.py"", line 15, in <module>\n    from Modules.lvs_runtime_memory_guard import claim_runtime_allocation_growth, release_runtime_allocation_claim\nModuleNotFoundError: No module named \'Modules\''}}; {'timestamp': '2026-08-12T15:15:05.158656-04:00', 'category': 'gpu_backend_effectiveness', 'severity': 'info', 'stage': 'NVIDIA dGPU Vulkan Transfer and Readback Sustained', 'source': 'gpu_0_busy_percent', 'message': 'target GPU 0000:01:00.0 used diagnostic backend(s) python_vulkan_transfer; treat this as API routing/transfer validation, not a saturation result', 'details': {'gpu_index': 0, 'target_id': '0000:01:00.0', 'workloads': ['gpu_3d'], 'backends': ['python_vulkan_transfer'], 'load_classes': ['diagnostic'], 'metric': 'gpu_0_busy_percent', 'max_busy_percent': 0.0, 'avg_busy_percent': 0.0, 'max_power_w': 26.02, 'avg_power_w': 25.03, 'max_memory_busy_percent': 20.0, 'avg_memory_busy_percent': 10.93, 'backend_preference_3d': 'vulkan', 'backend_resolved_3d': 'python_vulkan_transfer', 'device_class': '', 'diagnostic_backend': True, 'saturation_result': False}}",FAILED,high,yes,Vulkan worker exited at startup on Modules.lvs_runtime_memory_guard import failure; no workload progress/verification.,results/2026-08-12_14-55-01_x86_64 NVIDIA dGPU Full Validation
Intel(R) Core(TM) Ultra 9 285K,x86_64 AMD dGPU Full Validation,amd_dgpu_vulkan_compute,gpu_3d,GPU discrete_all,GPU 0000:04:00.0,gpu_3d:vulkan_compute,gpu_3d:python_vulkan_compute,,,,,sustained GPU progress and verification,,,,600,600.13,"GPU status=None, iterations=, verify=, error=","3D stage is using the suite-native Vulkan compute/readback backend; 3D Vulkan compute variant 'stress_hash' selected; 3D Vulkan compute variant 'stress_hash' is experimental; hash remains the validated production path; 3D intensity 'extreme' is shaping suite-native GPU load scaling for this stage; 3D backend 'python_vulkan_compute' is curated as Vulkan / parametric / compute_readback / purpose=suite_native_gpu_stress; Internal GPU workers will ramp from 35% load over approximately 45s; {'timestamp': '2026-08-12T14:55:15.656804-04:00', 'category': 'worker_exit', 'severity': 'error', 'stage': 'AMD dGPU Vulkan Compute and Readback Sustained', 'source': 'gpu_3d', 'message': 'gpu_3d worker exited early with code 1', 'details': {'return_code': 1, 'command': ['env', 'DRI_PRIME=pci-0000_04_00_0', 'MESA_VK_DEVICE_SELECT=1002:7551', '/var/home/empc/Documents/Test Build 0.2.0.b-alpha [x86-64]/.venv/bin/python', 'native/vulkan_compute_worker.py', '--target-vendor', 'AMD', '--target-vendor-id', '0x1002', '--target-device-id', '0x7551', '--target-device-name', 'AMD Radeon AI PRO R9700 (RADV GFX1201)', '--target-card', 'card2', '--target-slot', '0000:04:00.0', '--target-id', '0000:04:00.0', '--physical-gpu-id', '', '--target-gpu-index', '0', '--target-vram-total', '34208743424', '--buffer-bytes', '1073741824', '--system-memory-fixed-commitment-bytes', '1048576', '--ramp-step-seconds', '15.0', '--start-load-fraction', '0.35', '--result-file', 'results/2026-08-12_14-55-14_x86_64 AMD dGPU Full Validation/worker_results/amd_dgpu_vulkan_compute_gpu_3d_1.json', '--device-class', 'discrete', '--profile-mode', 'steady', '--profile-intensity', 'extreme', '--tuning-step', '0', '--compute-rounds', '160', '--kernel-variant', 'stress_hash', '--dispatch-repeats', '6'], 'backend': 'python_vulkan_compute', 'target_id': '0000:04:00.0', 'stdout_path': 'results/2026-08-12_14-55-14_x86_64 AMD dGPU Full Validation/worker_logs/amd_dgpu_vulkan_compute_gpu_3d_1.stdout.log', 'stderr_path': 'results/2026-08-12_14-55-14_x86_64 AMD dGPU Full Validation/worker_logs/amd_dgpu_vulkan_compute_gpu_3d_1.stderr.log', 'stdout_tail': '', 'stderr_tail': 'Traceback (most recent call last):\n  File ""/var/home/empc/Documents/Test Build 0.2.0.b-alpha [x86-64]/native/vulkan_compute_worker.py"", line 14, in <module>\n    from Modules.lvs_runtime_memory_guard import claim_runtime_allocation_growth, release_runtime_allocation_claim\nModuleNotFoundError: No module named \'Modules\''}}",FAILED,high,yes,Vulkan worker exited at startup on Modules.lvs_runtime_memory_guard import failure; no workload progress/verification.,results/2026-08-12_14-55-14_x86_64 AMD dGPU Full Validation
Intel(R) Core(TM) Ultra 9 285K,x86_64 AMD dGPU Full Validation,amd_dgpu_vulkan_stateful,gpu_3d,GPU discrete_all,GPU 0000:04:00.0,gpu_3d:vulkan_compute,gpu_3d:python_vulkan_compute,,,,,sustained GPU progress and verification,,GPU3D 90%,,600,600.79,"GPU status=None, iterations=, verify=, error=","3D stage is using the suite-native Vulkan compute/readback backend; 3D Vulkan compute variant 'stateful_memory' selected; 3D Vulkan compute variant 'stateful_memory' is experimental; hash remains the validated production path; 3D Vulkan stateful-memory allocation target is explicitly set to 90% with capacity-based safety reserves; 3D intensity 'extreme' is shaping suite-native GPU load scaling for this stage; 3D backend 'python_vulkan_compute' is curated as Vulkan / parametric / compute_readback / purpose=suite_native_gpu_stress; Internal GPU workers will ramp from 35% load over approximately 45s; {'timestamp': '2026-08-12T15:15:16.026839-04:00', 'category': 'worker_exit', 'severity': 'error', 'stage': 'AMD dGPU Vulkan Stateful Dedicated Memory Sustained', 'source': 'gpu_3d', 'message': 'gpu_3d worker exited early with code 1', 'details': {'return_code': 1, 'command': ['env', 'DRI_PRIME=pci-0000_04_00_0', 'MESA_VK_DEVICE_SELECT=1002:7551', '/var/home/empc/Documents/Test Build 0.2.0.b-alpha [x86-64]/.venv/bin/python', 'native/vulkan_compute_worker.py', '--target-vendor', 'AMD', '--target-vendor-id', '0x1002', '--target-device-id', '0x7551', '--target-device-name', 'AMD Radeon AI PRO R9700 (RADV GFX1201)', '--target-card', 'card2', '--target-slot', '0000:04:00.0', '--target-id', '0000:04:00.0', '--physical-gpu-id', '', '--target-gpu-index', '0', '--target-vram-total', '34208743424', '--buffer-bytes', '30787866624', '--system-memory-fixed-commitment-bytes', '1048576', '--ramp-step-seconds', '15.0', '--start-load-fraction', '0.35', '--result-file', 'results/2026-08-12_14-55-14_x86_64 AMD dGPU Full Validation/worker_results/amd_dgpu_vulkan_stateful_gpu_3d_1.json', '--device-class', 'discrete', '--profile-mode', 'steady', '--profile-intensity', 'extreme', '--tuning-step', '0', '--compute-rounds', '7', '--kernel-variant', 'stateful_memory', '--dispatch-repeats', '1'], 'backend': 'python_vulkan_compute', 'target_id': '0000:04:00.0', 'stdout_path': 'results/2026-08-12_14-55-14_x86_64 AMD dGPU Full Validation/worker_logs/amd_dgpu_vulkan_stateful_gpu_3d_1.stdout.log', 'stderr_path': 'results/2026-08-12_14-55-14_x86_64 AMD dGPU Full Validation/worker_logs/amd_dgpu_vulkan_stateful_gpu_3d_1.stderr.log', 'stdout_tail': '', 'stderr_tail': 'Traceback (most recent call last):\n  File ""/var/home/empc/Documents/Test Build 0.2.0.b-alpha [x86-64]/native/vulkan_compute_worker.py"", line 14, in <module>\n    from Modules.lvs_runtime_memory_guard import claim_runtime_allocation_growth, release_runtime_allocation_claim\nModuleNotFoundError: No module named \'Modules\''}}",FAILED,high,yes,Vulkan worker exited at startup on Modules.lvs_runtime_memory_guard import failure; no workload progress/verification.,results/2026-08-12_14-55-14_x86_64 AMD dGPU Full Validation
Intel(R) Core(TM) Ultra 9 285K,x86_64 AMD dGPU Full Validation,amd_dgpu_vulkan_transfer,gpu_3d,GPU discrete_all,GPU 0000:04:00.0,gpu_3d:vulkan,gpu_3d:python_vulkan_transfer,,,,,sustained GPU progress and verification,,,,600,600.17,"GPU status=None, iterations=, verify=, error=","3D stage is using the suite-native Vulkan transfer/readback backend; Vulkan transfer/readback validates Vulkan routing and memory movement; it is not yet a shader or ray-tracing saturation workload; 3D intensity 'extreme' is shaping suite-native GPU load scaling for this stage; 3D backend 'python_vulkan_transfer' is curated as Vulkan / parametric / transfer_readback / purpose=transfer_diagnostic; Internal GPU workers will ramp from 35% load over approximately 45s; {'timestamp': '2026-08-12T15:05:15.828720-04:00', 'category': 'worker_exit', 'severity': 'error', 'stage': 'AMD dGPU Vulkan Transfer and Readback Sustained', 'source': 'gpu_3d', 'message': 'gpu_3d worker exited early with code 1', 'details': {'return_code': 1, 'command': ['env', 'DRI_PRIME=pci-0000_04_00_0', 'MESA_VK_DEVICE_SELECT=1002:7551', '/var/home/empc/Documents/Test Build 0.2.0.b-alpha [x86-64]/.venv/bin/python', 'native/vulkan_transfer_worker.py', '--target-vendor', 'AMD', '--target-vendor-id', '0x1002', '--target-device-id', '0x7551', '--target-device-name', 'AMD Radeon AI PRO R9700 (RADV GFX1201)', '--target-card', 'card2', '--target-slot', '0000:04:00.0', '--target-id', '0000:04:00.0', '--physical-gpu-id', '', '--target-gpu-index', '0', '--target-vram-total', '34208743424', '--buffer-bytes', '402653184', '--ramp-step-seconds', '15.0', '--start-load-fraction', '0.35', '--result-file', 'results/2026-08-12_14-55-14_x86_64 AMD dGPU Full Validation/worker_results/amd_dgpu_vulkan_transfer_gpu_3d_1.json', '--device-class', 'discrete', '--profile-mode', 'steady', '--profile-intensity', 'extreme', '--tuning-step', '0'], 'backend': 'python_vulkan_transfer', 'target_id': '0000:04:00.0', 'stdout_path': 'results/2026-08-12_14-55-14_x86_64 AMD dGPU Full Validation/worker_logs/amd_dgpu_vulkan_transfer_gpu_3d_1.stdout.log', 'stderr_path': 'results/2026-08-12_14-55-14_x86_64 AMD dGPU Full Validation/worker_logs/amd_dgpu_vulkan_transfer_gpu_3d_1.stderr.log', 'stdout_tail': '', 'stderr_tail': 'Traceback (most recent call last):\n  File ""/var/home/empc/Documents/Test Build 0.2.0.b-alpha [x86-64]/native/vulkan_transfer_worker.py"", line 15, in <module>\n    from Modules.lvs_runtime_memory_guard import claim_runtime_allocation_growth, release_runtime_allocation_claim\nModuleNotFoundError: No module named \'Modules\''}}; {'timestamp': '2026-08-12T15:15:15.849199-04:00', 'category': 'gpu_backend_effectiveness', 'severity': 'info', 'stage': 'AMD dGPU Vulkan Transfer and Readback Sustained', 'source': 'gpu_0_busy_percent', 'message': 'target GPU 0000:04:00.0 used diagnostic backend(s) python_vulkan_transfer; treat this as API routing/transfer validation, not a saturation result', 'details': {'gpu_index': 0, 'target_id': '0000:04:00.0', 'workloads': ['gpu_3d'], 'backends': ['python_vulkan_transfer'], 'load_classes': ['diagnostic'], 'metric': 'gpu_0_busy_percent', 'max_busy_percent': None, 'avg_busy_percent': None, 'max_power_w': None, 'avg_power_w': None, 'max_memory_busy_percent': None, 'avg_memory_busy_percent': None, 'backend_preference_3d': 'vulkan', 'backend_resolved_3d': 'python_vulkan_transfer', 'device_class': '', 'diagnostic_backend': True, 'saturation_result': False}}",FAILED,high,yes,Vulkan worker exited at startup on Modules.lvs_runtime_memory_guard import failure; no workload progress/verification.,results/2026-08-12_14-55-14_x86_64 AMD dGPU Full Validation
Intel(R) Core(TM) Ultra 9 285K,x86_64 CPU Full Validation,x86_cpu_native_avx,cpu,"CPU [0, 1, 2, 3, 4, 5, 6, 7, 8, 9, 10, 11, 12, 13, 14, 15, 16, 17, 18, 19, 20, 21, 22, 23]","CPU [0, 1, 2, 3, 4, 5, 6, 7, 8, 9, 10, 11, 12, 13, 14, 15, 16, 17, 18, 19, 20, 21, 22, 23]",cpu:native,cpu:cpu_native_helper,24,24,avx,avx_fma,target-CPU saturation,"CPU median 100.0%, p10 100.0%, lowest logical median 100.0%",,,600,600.17,"CPU verify=22538883, canary=22538883, errors=0","CPU stage is using the native helper backend (avx, kernel avx_fma)",VALIDATED,high,no,"Correct target/backend, sustained duration/load or pressure, durable progress/integrity evidence, truthful verdict.",results/2026-08-12_11-12-52_x86_64 CPU Full Validation
Intel(R) Core(TM) Ultra 9 285K,x86_64 CPU Full Validation,x86_cpu_native_avx2,cpu,"CPU [0, 1, 2, 3, 4, 5, 6, 7, 8, 9, 10, 11, 12, 13, 14, 15, 16, 17, 18, 19, 20, 21, 22, 23]","CPU [0, 1, 2, 3, 4, 5, 6, 7, 8, 9, 10, 11, 12, 13, 14, 15, 16, 17, 18, 19, 20, 21, 22, 23]",cpu:native,cpu:cpu_native_helper,24,24,avx2,avx2_fma,target-CPU saturation,"CPU median 100.0%, p10 100.0%, lowest logical median 100.0%",,,600,600.87,"CPU verify=22728740, canary=22728740, errors=0","CPU stage is using the native helper backend (avx2, kernel avx2_fma)",VALIDATED,high,no,"Correct target/backend, sustained duration/load or pressure, durable progress/integrity evidence, truthful verdict.",results/2026-08-12_11-12-52_x86_64 CPU Full Validation
Intel(R) Core(TM) Ultra 9 285K,x86_64 CPU Full Validation,x86_cpu_native_scalar,cpu,"CPU [0, 1, 2, 3, 4, 5, 6, 7, 8, 9, 10, 11, 12, 13, 14, 15, 16, 17, 18, 19, 20, 21, 22, 23]","CPU [0, 1, 2, 3, 4, 5, 6, 7, 8, 9, 10, 11, 12, 13, 14, 15, 16, 17, 18, 19, 20, 21, 22, 23]",cpu:native,cpu:cpu_native_helper,24,24,scalar,scalar,target-CPU saturation,"CPU median 100.0%, p10 100.0%, lowest logical median 100.0%",,,600,600.16,"CPU verify=5455330, canary=5455330, errors=0","CPU stage is using the native helper backend (scalar, kernel scalar)",VALIDATED,high,no,"Correct target/backend, sustained duration/load or pressure, durable progress/integrity evidence, truthful verdict.",results/2026-08-12_11-12-52_x86_64 CPU Full Validation
Intel(R) Core(TM) Ultra 9 285K,x86_64 CPU Full Validation,x86_cpu_native_sse,cpu,"CPU [0, 1, 2, 3, 4, 5, 6, 7, 8, 9, 10, 11, 12, 13, 14, 15, 16, 17, 18, 19, 20, 21, 22, 23]","CPU [0, 1, 2, 3, 4, 5, 6, 7, 8, 9, 10, 11, 12, 13, 14, 15, 16, 17, 18, 19, 20, 21, 22, 23]",cpu:native,cpu:cpu_native_helper,24,24,sse,sse2_int,target-CPU saturation,"CPU median 100.0%, p10 100.0%, lowest logical median 100.0%",,,600,600.06,"CPU verify=33254920, canary=33254920, errors=0","CPU stage is using the native helper backend (sse, kernel sse2)",VALIDATED,high,no,"Correct target/backend, sustained duration/load or pressure, durable progress/integrity evidence, truthful verdict.",results/2026-08-12_11-12-52_x86_64 CPU Full Validation
Intel(R) Core(TM) Ultra 9 285K,x86_64 CPU Full Validation,x86_cpu_python,cpu,"CPU [0, 1, 2, 3, 4, 5, 6, 7, 8, 9, 10, 11, 12, 13, 14, 15, 16, 17, 18, 19, 20, 21, 22, 23]","CPU [0, 1, 2, 3, 4, 5, 6, 7, 8, 9, 10, 11, 12, 13, 14, 15, 16, 17, 18, 19, 20, 21, 22, 23]",cpu:python_fallback,cpu:python_fallback,24,24,auto,,target-CPU saturation,"CPU median 100.0%, p10 100.0%, lowest logical median 100.0%",,,600,600.15,"CPU verify=, canary=, errors=0",CPU stage is using Python fallback; load strength is approximate,UNPROVEN DUE TO INSUFFICIENT EVIDENCE,high,yes,"All workers were pinned, saturated their targets, and made PBKDF2 progress, but the saved worker did not verify computed results.",results/2026-08-12_11-12-52_x86_64 CPU Full Validation
Intel(R) Core(TM) Ultra 9 285K,x86_64 CPU Full Validation,x86_cpu_stress_ng,cpu,"CPU [0, 1, 2, 3, 4, 5, 6, 7, 8, 9, 10, 11, 12, 13, 14, 15, 16, 17, 18, 19, 20, 21, 22, 23]","CPU [0, 1, 2, 3, 4, 5, 6, 7, 8, 9, 10, 11, 12, 13, 14, 15, 16, 17, 18, 19, 20, 21, 22, 23]",cpu:stress_ng,cpu:stress_ng,24,None,auto,,target-CPU saturation,"CPU median 100.0%, p10 100.0%, lowest logical median 100.0%",,,600,600.5,"CPU verify=, canary=, errors=0",CPU stage is using stress-ng,UNPROVEN DUE TO INSUFFICIENT EVIDENCE,high,yes,"All intended CPUs were saturated and bogo progress was positive, but the command did not enable stress-ng verification.",results/2026-08-12_11-12-52_x86_64 CPU Full Validation
Intel(R) Core(TM) Ultra 9 285K,x86_64 CPU Targeting Functional,x86_target_native_auto,cpu,"CPU [0, 1, 2, 3, 4, 5, 6, 7, 8, 9, 10, 11, 12, 13, 14, 15, 16, 17, 18, 19, 20, 21, 22, 23]","CPU [0, 1, 2, 3, 4, 5, 6, 7, 8, 9, 10, 11, 12, 13, 14, 15, 16, 17, 18, 19, 20, 21, 22, 23]",cpu:native,cpu:cpu_native_helper,24,24,auto,avx_fma,target-CPU saturation,"CPU median 100.0%, p10 100.0%, lowest logical median 100.0%",,,90,90.13,"CPU verify=3372043, canary=3372043, errors=0","CPU stage is using the native helper backend (auto, kernel avx2_fma); CPU stage will auto-tune at runtime for maximum package power; the executed mode/kernel may differ from the dry-run preview",VALIDATED,high,no,"Correct target/backend, sustained duration/load or pressure, durable progress/integrity evidence, truthful verdict.",results/2026-08-12_11-05-59_x86_64 CPU Targeting Functional
Intel(R) Core(TM) Ultra 9 285K,x86_64 CPU Targeting Functional,x86_target_python,cpu,"CPU [0, 1, 2, 3, 4, 5, 6, 7, 8, 9, 10, 11, 12, 13, 14, 15, 16, 17, 18, 19, 20, 21, 22, 23]","CPU [0, 1, 2, 3, 4, 5, 6, 7, 8, 9, 10, 11, 12, 13, 14, 15, 16, 17, 18, 19, 20, 21, 22, 23]",cpu:python_fallback,cpu:python_fallback,24,24,auto,,target-CPU saturation,"CPU median 100.0%, p10 100.0%, lowest logical median 100.0%",,,90,90.26,"CPU verify=, canary=, errors=0",CPU stage is using Python fallback; load strength is approximate,UNPROVEN DUE TO INSUFFICIENT EVIDENCE,high,yes,"All workers were pinned, saturated their targets, and made PBKDF2 progress, but the saved worker did not verify computed results.",results/2026-08-12_11-05-59_x86_64 CPU Targeting Functional
Intel(R) Core(TM) Ultra 9 285K,x86_64 CPU Targeting Functional,x86_target_stress_ng,cpu,"CPU [0, 1, 2, 3, 4, 5, 6, 7, 8, 9, 10, 11, 12, 13, 14, 15, 16, 17, 18, 19, 20, 21, 22, 23]","CPU [0, 1, 2, 3, 4, 5, 6, 7, 8, 9, 10, 11, 12, 13, 14, 15, 16, 17, 18, 19, 20, 21, 22, 23]",cpu:stress_ng,cpu:stress_ng,24,None,auto,,target-CPU saturation,"CPU median 100.0%, p10 100.0%, lowest logical median 100.0%",,,90,90.24,"CPU verify=, canary=, errors=0",CPU stage is using stress-ng,UNPROVEN DUE TO INSUFFICIENT EVIDENCE,high,yes,"All intended CPUs were saturated and bogo progress was positive, but the command did not enable stress-ng verification.",results/2026-08-12_11-05-59_x86_64 CPU Targeting Functional
Intel(R) Core(TM) Ultra 9 285K,x86_64 Intel iGPU Full Validation,intel_igpu_vulkan_compute,gpu_3d,GPU integrated_all,GPU 0000:00:02.0,gpu_3d:vulkan_compute,gpu_3d:python_vulkan_compute,,,,,sustained GPU progress and verification,,,,600,600.2,"GPU status=None, iterations=, verify=, error=","3D stage is using the suite-native Vulkan compute/readback backend; 3D Vulkan compute variant 'stress_hash' selected; 3D Vulkan compute variant 'stress_hash' is experimental; hash remains the validated production path; 3D intensity 'extreme' is shaping suite-native GPU load scaling for this stage; 3D backend 'python_vulkan_compute' is curated as Vulkan / parametric / compute_readback / purpose=suite_native_gpu_stress; Internal GPU workers will ramp from 35% load over approximately 45s; {'timestamp': '2026-08-12T13:04:48.435979-04:00', 'category': 'worker_exit', 'severity': 'error', 'stage': 'Intel iGPU Vulkan Compute and Readback Sustained', 'source': 'gpu_3d', 'message': 'gpu_3d worker exited early with code 1', 'details': {'return_code': 1, 'command': ['env', 'DRI_PRIME=pci-0000_00_02_0', 'MESA_VK_DEVICE_SELECT=8086:7d67', '/var/home/empc/Documents/Test Build 0.2.0.b-alpha [x86-64]/.venv/bin/python', 'native/vulkan_compute_worker.py', '--target-vendor', 'Intel', '--target-vendor-id', '0x8086', '--target-device-id', '0x7d67', '--target-device-name', 'Intel(R) Graphics (ARL)', '--target-card', 'card1', '--target-slot', '0000:00:02.0', '--target-id', '0000:00:02.0', '--physical-gpu-id', '', '--target-gpu-index', '1', '--target-vram-total', '0', '--buffer-bytes', '100663296', '--system-memory-fixed-commitment-bytes', '1048576', '--ramp-step-seconds', '15.0', '--start-load-fraction', '0.35', '--result-file', 'results/2026-08-12_13-04-47_x86_64 Intel iGPU Full Validation/worker_results/intel_igpu_vulkan_compute_gpu_3d_1.json', '--device-class', 'integrated', '--profile-mode', 'steady', '--profile-intensity', 'extreme', '--tuning-step', '0', '--compute-rounds', '96', '--kernel-variant', 'stress_hash', '--dispatch-repeats', '4'], 'backend': 'python_vulkan_compute', 'target_id': '0000:00:02.0', 'stdout_path': 'results/2026-08-12_13-04-47_x86_64 Intel iGPU Full Validation/worker_logs/intel_igpu_vulkan_compute_gpu_3d_1.stdout.log', 'stderr_path': 'results/2026-08-12_13-04-47_x86_64 Intel iGPU Full Validation/worker_logs/intel_igpu_vulkan_compute_gpu_3d_1.stderr.log', 'stdout_tail': '', 'stderr_tail': 'Traceback (most recent call last):\n  File ""/var/home/empc/Documents/Test Build 0.2.0.b-alpha [x86-64]/native/vulkan_compute_worker.py"", line 14, in <module>\n    from Modules.lvs_runtime_memory_guard import claim_runtime_allocation_growth, release_runtime_allocation_claim\nModuleNotFoundError: No module named \'Modules\''}}",FAILED,high,yes,Vulkan worker exited at startup on Modules.lvs_runtime_memory_guard import failure; no workload progress/verification.,results/2026-08-12_13-04-47_x86_64 Intel iGPU Full Validation
Intel(R) Core(TM) Ultra 9 285K,x86_64 Intel iGPU Full Validation,intel_igpu_vulkan_stateful,gpu_3d,GPU integrated_all,GPU 0000:00:02.0,gpu_3d:vulkan_compute,gpu_3d:python_vulkan_compute,,,,,sustained GPU progress and verification,,GPU3D 80%,,600,600.24,"GPU status=None, iterations=, verify=, error=","3D stage is using the suite-native Vulkan compute/readback backend; 3D Vulkan compute variant 'stateful_memory' selected; 3D Vulkan compute variant 'stateful_memory' is experimental; hash remains the validated production path; 3D Vulkan stateful-memory allocation target is explicitly set to 80% with capacity-based safety reserves; 3D intensity 'extreme' is shaping suite-native GPU load scaling for this stage; 3D backend 'python_vulkan_compute' is curated as Vulkan / parametric / compute_readback / purpose=suite_native_gpu_stress; Internal GPU workers will ramp from 35% load over approximately 45s; {'timestamp': '2026-08-12T13:24:48.799726-04:00', 'category': 'worker_exit', 'severity': 'error', 'stage': 'Intel iGPU Vulkan Stateful Shared Memory Sustained', 'source': 'gpu_3d', 'message': 'gpu_3d worker exited early with code 1', 'details': {'return_code': 1, 'command': ['env', 'DRI_PRIME=pci-0000_00_02_0', 'MESA_VK_DEVICE_SELECT=8086:7d67', '/var/home/empc/Documents/Test Build 0.2.0.b-alpha [x86-64]/.venv/bin/python', 'native/vulkan_compute_worker.py', '--target-vendor', 'Intel', '--target-vendor-id', '0x8086', '--target-device-id', '0x7d67', '--target-device-name', 'Intel(R) Graphics (ARL)', '--target-card', 'card1', '--target-slot', '0000:00:02.0', '--target-id', '0000:00:02.0', '--physical-gpu-id', '', '--target-gpu-index', '1', '--target-vram-total', '0', '--buffer-bytes', '60404261683', '--system-memory-fixed-commitment-bytes', '1048576', '--ramp-step-seconds', '15.0', '--start-load-fraction', '0.35', '--result-file', 'results/2026-08-12_13-04-47_x86_64 Intel iGPU Full Validation/worker_results/intel_igpu_vulkan_stateful_gpu_3d_1.json', '--device-class', 'integrated', '--profile-mode', 'steady', '--profile-intensity', 'extreme', '--tuning-step', '0', '--compute-rounds', '5', '--kernel-variant', 'stateful_memory', '--dispatch-repeats', '1'], 'backend': 'python_vulkan_compute', 'target_id': '0000:00:02.0', 'stdout_path': 'results/2026-08-12_13-04-47_x86_64 Intel iGPU Full Validation/worker_logs/intel_igpu_vulkan_stateful_gpu_3d_1.stdout.log', 'stderr_path': 'results/2026-08-12_13-04-47_x86_64 Intel iGPU Full Validation/worker_logs/intel_igpu_vulkan_stateful_gpu_3d_1.stderr.log', 'stdout_tail': '', 'stderr_tail': 'Traceback (most recent call last):\n  File ""/var/home/empc/Documents/Test Build 0.2.0.b-alpha [x86-64]/native/vulkan_compute_worker.py"", line 14, in <module>\n    from Modules.lvs_runtime_memory_guard import claim_runtime_allocation_growth, release_runtime_allocation_claim\nModuleNotFoundError: No module named \'Modules\''}}",FAILED,high,yes,Vulkan worker exited at startup on Modules.lvs_runtime_memory_guard import failure; no workload progress/verification.,results/2026-08-12_13-04-47_x86_64 Intel iGPU Full Validation
Intel(R) Core(TM) Ultra 9 285K,x86_64 Intel iGPU Full Validation,intel_igpu_vulkan_transfer,gpu_3d,GPU integrated_all,GPU 0000:00:02.0,gpu_3d:vulkan,gpu_3d:python_vulkan_transfer,,,,,sustained GPU progress and verification,,,,600,600.12,"GPU status=None, iterations=, verify=, error=","3D stage is using the suite-native Vulkan transfer/readback backend; Vulkan transfer/readback validates Vulkan routing and memory movement; it is not yet a shader or ray-tracing saturation workload; 3D intensity 'extreme' is shaping suite-native GPU load scaling for this stage; 3D backend 'python_vulkan_transfer' is curated as Vulkan / parametric / transfer_readback / purpose=transfer_diagnostic; Internal GPU workers will ramp from 35% load over approximately 45s; {'timestamp': '2026-08-12T13:14:48.657998-04:00', 'category': 'worker_exit', 'severity': 'error', 'stage': 'Intel iGPU Vulkan Transfer and Readback Sustained', 'source': 'gpu_3d', 'message': 'gpu_3d worker exited early with code 1', 'details': {'return_code': 1, 'command': ['env', 'DRI_PRIME=pci-0000_00_02_0', 'MESA_VK_DEVICE_SELECT=8086:7d67', '/var/home/empc/Documents/Test Build 0.2.0.b-alpha [x86-64]/.venv/bin/python', 'native/vulkan_transfer_worker.py', '--target-vendor', 'Intel', '--target-vendor-id', '0x8086', '--target-device-id', '0x7d67', '--target-device-name', 'Intel(R) Graphics (ARL)', '--target-card', 'card1', '--target-slot', '0000:00:02.0', '--target-id', '0000:00:02.0', '--physical-gpu-id', '', '--target-gpu-index', '1', '--target-vram-total', '0', '--buffer-bytes', '117440512', '--ramp-step-seconds', '15.0', '--start-load-fraction', '0.35', '--result-file', 'results/2026-08-12_13-04-47_x86_64 Intel iGPU Full Validation/worker_results/intel_igpu_vulkan_transfer_gpu_3d_1.json', '--device-class', 'integrated', '--profile-mode', 'steady', '--profile-intensity', 'extreme', '--tuning-step', '0'], 'backend': 'python_vulkan_transfer', 'target_id': '0000:00:02.0', 'stdout_path': 'results/2026-08-12_13-04-47_x86_64 Intel iGPU Full Validation/worker_logs/intel_igpu_vulkan_transfer_gpu_3d_1.stdout.log', 'stderr_path': 'results/2026-08-12_13-04-47_x86_64 Intel iGPU Full Validation/worker_logs/intel_igpu_vulkan_transfer_gpu_3d_1.stderr.log', 'stdout_tail': '', 'stderr_tail': 'Traceback (most recent call last):\n  File ""/var/home/empc/Documents/Test Build 0.2.0.b-alpha [x86-64]/native/vulkan_transfer_worker.py"", line 15, in <module>\n    from Modules.lvs_runtime_memory_guard import claim_runtime_allocation_growth, release_runtime_allocation_claim\nModuleNotFoundError: No module named \'Modules\''}}; {'timestamp': '2026-08-12T13:24:48.638872-04:00', 'category': 'gpu_backend_effectiveness', 'severity': 'info', 'stage': 'Intel iGPU Vulkan Transfer and Readback Sustained', 'source': 'gpu_1_busy_percent', 'message': 'target GPU 0000:00:02.0 used diagnostic backend(s) python_vulkan_transfer; treat this as API routing/transfer validation, not a saturation result', 'details': {'gpu_index': 1, 'target_id': '0000:00:02.0', 'workloads': ['gpu_3d'], 'backends': ['python_vulkan_transfer'], 'load_classes': ['diagnostic'], 'metric': 'gpu_1_busy_percent', 'max_busy_percent': 1.0, 'avg_busy_percent': 0.01, 'max_power_w': 14.0, 'avg_power_w': 13.02, 'max_memory_busy_percent': 0.0, 'avg_memory_busy_percent': 0.0, 'backend_preference_3d': 'vulkan', 'backend_resolved_3d': 'python_vulkan_transfer', 'device_class': '', 'diagnostic_backend': True, 'saturation_result': False}}",FAILED,high,yes,Vulkan worker exited at startup on Modules.lvs_runtime_memory_guard import failure; no workload progress/verification.,results/2026-08-12_13-04-47_x86_64 Intel iGPU Full Validation
Intel(R) Core(TM) Ultra 9 285K,x86_64 Memory Full Validation,x86_memory_native,memory,system RAM,system RAM,memory:native,memory:memory_native_helper,,,,,RAM 80% allocation/pressure,"RAM target 75.01 GiB, used median 82.45 GiB, max 82.58 GiB",RAM 80%,"RAM backend=memory_native_helper, achieved=75.01 GiB, ratio=None, verify=5085, allocation_verified=, errors=0",600,602.27,"RAM backend=memory_native_helper, achieved=75.01 GiB, ratio=None, verify=5085, allocation_verified=, errors=0",,VALIDATED,high,no,"Correct target/backend, sustained duration/load or pressure, durable progress/integrity evidence, truthful verdict.",results/2026-08-12_12-21-35_x86_64 Memory Full Validation
Intel(R) Core(TM) Ultra 9 285K,x86_64 Memory Full Validation,x86_memory_python,memory,system RAM,system RAM,memory:python_fallback,memory:python_fallback,,,,,RAM 80% allocation/pressure,"RAM target 75.01 GiB, used median 82.56 GiB, max 82.62 GiB",RAM 80%,"RAM backend=python_fallback, achieved=75.01 GiB, ratio=1.0, verify=, allocation_verified=False, errors=0",600,601.45,"RAM backend=python_fallback, achieved=75.01 GiB, ratio=1.0, verify=, allocation_verified=False, errors=0",Memory stage is using Python fallback; behavior is approximate,UNPROVEN DUE TO INSUFFICIENT EVIDENCE,high,yes,"Allocation retained, but allocation_verified=false and worker performs no ongoing integrity cycle; some systems were materially capped.",results/2026-08-12_12-21-35_x86_64 Memory Full Validation
Intel(R) Core(TM) Ultra 9 285K,x86_64 Memory Full Validation,x86_memory_stress_ng,memory,system RAM,system RAM,memory:stress_ng,memory:stress_ng,,,,,RAM 80% allocation/pressure,"RAM target 75.01 GiB, used median 82.57 GiB, max 82.6 GiB",RAM 80%,,600,605.8,,,UNPROVEN DUE TO INSUFFICIENT EVIDENCE,high,yes,"Pressure sustained, but command/result lacks durable bogo/progress and explicit verification evidence.",results/2026-08-12_12-21-35_x86_64 Memory Full Validation
Intel(R) Core(TM) Ultra 9 285K,x86_64 Multi-GPU Combined Full Validation,x86_combined_cpu_ram,cpu+memory,"CPU [0, 1, 2, 3, 4, 5, 6, 7, 8, 9, 10, 11, 12, 13, 14, 15, 16, 17, 18, 19, 20, 21, 22, 23]; system RAM","CPU [0, 1, 2, 3, 4, 5, 6, 7, 8, 9, 10, 11, 12, 13, 14, 15, 16, 17, 18, 19, 20, 21, 22, 23]; system RAM",cpu:native; memory:native,cpu:cpu_native_helper; memory:memory_native_helper,24,24,auto,avx_fma,target-CPU saturation; RAM 80% allocation/pressure,"CPU median 100.0%, p10 100.0%, lowest logical median 100.0%; RAM target 75.01 GiB, used median 82.48 GiB, max 82.6 GiB",RAM 80%,"RAM backend=memory_native_helper, achieved=75.01 GiB, ratio=None, verify=5094, allocation_verified=, errors=0",600,601.67,"CPU verify=11209741, canary=11209741, errors=0; RAM backend=memory_native_helper, achieved=75.01 GiB, ratio=None, verify=5094, allocation_verified=, errors=0","CPU stage is using the native helper backend (auto, kernel avx2_fma); CPU stage will auto-tune at runtime for maximum package power; the executed mode/kernel may differ from the dry-run preview",VALIDATED,high,no,"Correct target/backend, sustained duration/load or pressure, durable progress/integrity evidence, truthful verdict.",results/2026-08-12_16-01-55_x86_64 Multi-GPU Combined Full Validation
Intel(R) Core(TM) Ultra 9 285K,x86_64 Multi-GPU Combined Full Validation,x86_combined_full,cpu+memory+gpu_3d+vram,"CPU [0, 1, 2, 3, 4, 5, 6, 7, 8, 9, 10, 11, 12, 13, 14, 15, 16, 17, 18, 19, 20, 21, 22, 23]; system RAM; GPU all; GPU memory all","CPU [0, 1, 2, 3, 4, 5, 6, 7, 8, 9, 10, 11, 12, 13, 14, 15, 16, 17, 18, 19, 20, 21, 22, 23]; system RAM; GPU 0000:00:02.0; GPU 0000:04:00.0",cpu:native; memory:native; gpu_3d:vulkan_compute; vram:vulkan,cpu:cpu_native_helper; memory:memory_native_helper; gpu_3d:python_vulkan_compute; vram:python_vulkan_compute,24,24,auto,avx_fma,target-CPU saturation; RAM 70% allocation/pressure; sustained GPU progress and verification,"CPU median 100.0%, p10 100.0%, lowest logical median 100.0%; RAM target 48.73 GiB, used median 56.13 GiB, max 56.23 GiB",RAM 70%; VRAM 70%,"RAM backend=memory_native_helper, achieved=48.73 GiB, ratio=None, verify=7839, allocation_verified=, errors=0",600,601.83,"CPU verify=11220916, canary=11220916, errors=0; RAM backend=memory_native_helper, achieved=48.73 GiB, ratio=None, verify=7839, allocation_verified=, errors=0; GPU status=None, iterations=, verify=, error=; GPU status=None, iterations=, verify=, error=","CPU stage is using the native helper backend (auto, kernel avx2_fma); CPU stage will auto-tune at runtime for maximum package power; the executed mode/kernel may differ from the dry-run preview; 3D stage is using the suite-native Vulkan compute/readback backend; 3D Vulkan compute variant 'stress_hash' selected; 3D Vulkan compute variant 'stress_hash' is experimental; hash remains the validated production path; 3D intensity 'extreme' is shaping suite-native GPU load scaling for this stage; Mixed-stage Vulkan VRAM workers are fused GPU+VRAM stateful-memory workers on 0000:00:02.0, 0000:04:00.0; separate same-target Vulkan 3D workers are not launched to avoid doubling Vulkan worker pressure; 3D backend 'python_vulkan_compute' is curated as Vulkan / parametric / compute_readback / purpose=suite_native_gpu_stress; VRAM stage is using the suite-native Vulkan stateful-memory/readback backend; Internal GPU workers will ramp from 35% load over approximately 45s; VRAM target for 0000:00:02.0 was capped by safe mode from 49.22GB to 36.44GB; {'timestamp': '2026-08-12T16:52:05.746141-04:00', 'category': 'worker_exit', 'severity': 'error', 'stage': 'x86_64 Full CPU RAM Shared iGPU and Dedicated dGPU Pressure', 'source': 'vram', 'message': 'vram worker exited early with code 1', 'details': {'return_code': 1, 'command': ['env', 'DRI_PRIME=pci-0000_00_02_0', 'MESA_VK_DEVICE_SELECT=8086:7d67', '/var/home/empc/Documents/Test Build 0.2.0.b-alpha [x86-64]/.venv/bin/python', 'native/vulkan_compute_worker.py', '--target-vendor', 'Intel', '--target-vendor-id', '0x8086', '--target-device-id', '0x7d67', '--target-device-name', 'Intel(R) Graphics (ARL)', '--target-card', 'card1', '--target-slot', '0000:00:02.0', '--target-id', '0000:00:02.0', '--physical-gpu-id', '', '--target-gpu-index', '1', '--target-vram-total', '0', '--buffer-bytes', '39215419346', '--system-memory-fixed-commitment-bytes', '1048576', '--ramp-step-seconds', '15.0', '--start-load-fraction', '0.35', '--result-file', 'results/2026-08-12_16-01-55_x86_64 Multi-GPU Combined Full Validation/worker_results/x86_combined_full_vram_1.json', '--device-class', 'integrated', '--profile-mode', 'steady', '--profile-intensity', 'extreme', '--tuning-step', '0', '--compute-rounds', '5', '--kernel-variant', 'stateful_memory', '--dispatch-repeats', '1'], 'backend': 'python_vulkan_compute', 'target_id': '0000:00:02.0', 'stdout_path': 'results/2026-08-12_16-01-55_x86_64 Multi-GPU Combined Full Validation/worker_logs/x86_combined_full_vram_3.stdout.log', 'stderr_path': 'results/2026-08-12_16-01-55_x86_64 Multi-GPU Combined Full Validation/worker_logs/x86_combined_full_vram_3.stderr.log', 'stdout_tail': '', 'stderr_tail': 'Traceback (most recent call last):\n  File ""/var/home/empc/Documents/Test Build 0.2.0.b-alpha [x86-64]/native/vulkan_compute_worker.py"", line 14, in <module>\n    from Modules.lvs_runtime_memory_guard import claim_runtime_allocation_growth, release_runtime_allocation_claim\nModuleNotFoundError: No module named \'Modules\''}}; {'timestamp': '2026-08-12T16:52:05.746240-04:00', 'category': 'worker_exit', 'severity': 'error', 'stage': 'x86_64 Full CPU RAM Shared iGPU and Dedicated dGPU Pressure', 'source': 'vram', 'message': 'vram worker exited early with code 1', 'details': {'return_code': 1, 'command': ['env', 'DRI_PRIME=pci-0000_04_00_0', 'MESA_VK_DEVICE_SELECT=1002:7551', '/var/home/empc/Documents/Test Build 0.2.0.b-alpha [x86-64]/.venv/bin/python', 'native/vulkan_compute_worker.py', '--target-vendor', 'AMD', '--target-vendor-id', '0x1002', '--target-device-id', '0x7551', '--target-device-name', 'AMD Radeon AI PRO R9700 (RADV GFX1201)', '--target-card', 'card2', '--target-slot', '0000:04:00.0', '--target-id', '0000:04:00.0', '--physical-gpu-id', '', '--target-gpu-index', '0', '--target-vram-total', '34208743424', '--buffer-bytes', '23946120396', '--system-memory-fixed-commitment-bytes', '1048576', '--ramp-step-seconds', '15.0', '--start-load-fraction', '0.35', '--result-file', 'results/2026-08-12_16-01-55_x86_64 Multi-GPU Combined Full Validation/worker_results/x86_combined_full_vram_2.json', '--device-class', 'discrete', '--profile-mode', 'steady', '--profile-intensity', 'extreme', '--tuning-step', '0', '--compute-rounds', '7', '--kernel-variant', 'stateful_memory', '--dispatch-repeats', '1'], 'backend': 'python_vulkan_compute', 'target_id': '0000:04:00.0', 'stdout_path': 'results/2026-08-12_16-01-55_x86_64 Multi-GPU Combined Full Validation/worker_logs/x86_combined_full_vram_4.stdout.log', 'stderr_path': 'results/2026-08-12_16-01-55_x86_64 Multi-GPU Combined Full Validation/worker_logs/x86_combined_full_vram_4.stderr.log', 'stdout_tail': '', 'stderr_tail': 'Traceback (most recent call last):\n  File ""/var/home/empc/Documents/Test Build 0.2.0.b-alpha [x86-64]/native/vulkan_compute_worker.py"", line 14, in <module>\n    from Modules.lvs_runtime_memory_guard import claim_runtime_allocation_growth, release_runtime_allocation_claim\nModuleNotFoundError: No module named \'Modules\''}}","PARTIALLY EXECUTED, NOT VALIDATED",high,yes,"CPU/RAM participant ran, but required Vulkan participant failed at startup; intended concurrency was absent.",results/2026-08-12_16-01-55_x86_64 Multi-GPU Combined Full Validation
Intel(R) Core(TM) Ultra 9 285K,x86_64 Multi-GPU Combined Full Validation,x86_combined_igpu_dgpu,gpu_3d,GPU all,GPU 0000:00:02.0; GPU 0000:04:00.0,gpu_3d:vulkan_compute,gpu_3d:python_vulkan_compute,,,,,sustained GPU progress and verification,,,,600,600.32,"GPU status=None, iterations=, verify=, error=; GPU status=None, iterations=, verify=, error=","3D stage is using the suite-native Vulkan compute/readback backend; 3D Vulkan compute variant 'stress_hash' selected; 3D Vulkan compute variant 'stress_hash' is experimental; hash remains the validated production path; 3D intensity 'extreme' is shaping suite-native GPU load scaling for this stage; 3D backend 'python_vulkan_compute' is curated as Vulkan / parametric / compute_readback / purpose=suite_native_gpu_stress; Internal GPU workers will ramp from 35% load over approximately 45s; {'timestamp': '2026-08-12T16:32:02.507059-04:00', 'category': 'worker_exit', 'severity': 'error', 'stage': 'x86_64 Shared iGPU plus Dedicated dGPU Vulkan Compute', 'source': 'gpu_3d', 'message': 'gpu_3d worker exited early with code 1', 'details': {'return_code': 1, 'command': ['env', 'DRI_PRIME=pci-0000_00_02_0', 'MESA_VK_DEVICE_SELECT=8086:7d67', '/var/home/empc/Documents/Test Build 0.2.0.b-alpha [x86-64]/.venv/bin/python', 'native/vulkan_compute_worker.py', '--target-vendor', 'Intel', '--target-vendor-id', '0x8086', '--target-device-id', '0x7d67', '--target-device-name', 'Intel(R) Graphics (ARL)', '--target-card', 'card1', '--target-slot', '0000:00:02.0', '--target-id', '0000:00:02.0', '--physical-gpu-id', '', '--target-gpu-index', '1', '--target-vram-total', '0', '--buffer-bytes', '100663296', '--system-memory-fixed-commitment-bytes', '1048576', '--ramp-step-seconds', '15.0', '--start-load-fraction', '0.35', '--result-file', 'results/2026-08-12_16-01-55_x86_64 Multi-GPU Combined Full Validation/worker_results/x86_combined_igpu_dgpu_gpu_3d_1.json', '--device-class', 'integrated', '--profile-mode', 'steady', '--profile-intensity', 'extreme', '--tuning-step', '0', '--compute-rounds', '96', '--kernel-variant', 'stress_hash', '--dispatch-repeats', '4'], 'backend': 'python_vulkan_compute', 'target_id': '0000:00:02.0', 'stdout_path': 'results/2026-08-12_16-01-55_x86_64 Multi-GPU Combined Full Validation/worker_logs/x86_combined_igpu_dgpu_gpu_3d_1.stdout.log', 'stderr_path': 'results/2026-08-12_16-01-55_x86_64 Multi-GPU Combined Full Validation/worker_logs/x86_combined_igpu_dgpu_gpu_3d_1.stderr.log', 'stdout_tail': '', 'stderr_tail': 'Traceback (most recent call last):\n  File ""/var/home/empc/Documents/Test Build 0.2.0.b-alpha [x86-64]/native/vulkan_compute_worker.py"", line 14, in <module>\n    from Modules.lvs_runtime_memory_guard import claim_runtime_allocation_growth, release_runtime_allocation_claim\nModuleNotFoundError: No module named \'Modules\''}}; {'timestamp': '2026-08-12T16:32:02.507128-04:00', 'category': 'worker_exit', 'severity': 'error', 'stage': 'x86_64 Shared iGPU plus Dedicated dGPU Vulkan Compute', 'source': 'gpu_3d', 'message': 'gpu_3d worker exited early with code 1', 'details': {'return_code': 1, 'command': ['env', 'DRI_PRIME=pci-0000_04_00_0', 'MESA_VK_DEVICE_SELECT=1002:7551', '/var/home/empc/Documents/Test Build 0.2.0.b-alpha [x86-64]/.venv/bin/python', 'native/vulkan_compute_worker.py', '--target-vendor', 'AMD', '--target-vendor-id', '0x1002', '--target-device-id', '0x7551', '--target-device-name', 'AMD Radeon AI PRO R9700 (RADV GFX1201)', '--target-card', 'card2', '--target-slot', '0000:04:00.0', '--target-id', '0000:04:00.0', '--physical-gpu-id', '', '--target-gpu-index', '0', '--target-vram-total', '34208743424', '--buffer-bytes', '1073741824', '--system-memory-fixed-commitment-bytes', '1048576', '--ramp-step-seconds', '15.0', '--start-load-fraction', '0.35', '--result-file', 'results/2026-08-12_16-01-55_x86_64 Multi-GPU Combined Full Validation/worker_results/x86_combined_igpu_dgpu_gpu_3d_2.json', '--device-class', 'discrete', '--profile-mode', 'steady', '--profile-intensity', 'extreme', '--tuning-step', '0', '--compute-rounds', '160', '--kernel-variant', 'stress_hash', '--dispatch-repeats', '6'], 'backend': 'python_vulkan_compute', 'target_id': '0000:04:00.0', 'stdout_path': 'results/2026-08-12_16-01-55_x86_64 Multi-GPU Combined Full Validation/worker_logs/x86_combined_igpu_dgpu_gpu_3d_2.stdout.log', 'stderr_path': 'results/2026-08-12_16-01-55_x86_64 Multi-GPU Combined Full Validation/worker_logs/x86_combined_igpu_dgpu_gpu_3d_2.stderr.log', 'stdout_tail': '', 'stderr_tail': 'Traceback (most recent call last):\n  File ""/var/home/empc/Documents/Test Build 0.2.0.b-alpha [x86-64]/native/vulkan_compute_worker.py"", line 14, in <module>\n    from Modules.lvs_runtime_memory_guard import claim_runtime_allocation_growth, release_runtime_allocation_claim\nModuleNotFoundError: No module named \'Modules\''}}",FAILED,high,yes,Vulkan worker exited at startup on Modules.lvs_runtime_memory_guard import failure; no workload progress/verification.,results/2026-08-12_16-01-55_x86_64 Multi-GPU Combined Full Validation
Intel(R) Core(TM) Ultra 9 285K,x86_64 Multi-GPU Combined Full Validation,x86_combined_ram_all_gpu_memory,memory+vram,system RAM; GPU memory all,system RAM; GPU 0000:00:02.0; GPU 0000:04:00.0,memory:native; vram:vulkan,memory:memory_native_helper; vram:python_vulkan_compute,,,,,RAM 70% allocation/pressure; sustained GPU progress and verification,"RAM target 48.60 GiB, used median 56.12 GiB, max 56.24 GiB",RAM 70%; VRAM 70%,"RAM backend=memory_native_helper, achieved=48.60 GiB, ratio=None, verify=7838, allocation_verified=, errors=0",600,601.67,"RAM backend=memory_native_helper, achieved=48.60 GiB, ratio=None, verify=7838, allocation_verified=, errors=0; GPU status=None, iterations=, verify=, error=; GPU status=None, iterations=, verify=, error=","VRAM stage is using the suite-native Vulkan stateful-memory/readback backend; Internal GPU workers will ramp from 35% load over approximately 45s; VRAM target for 0000:00:02.0 was capped by safe mode from 49.22GB to 36.43GB; {'timestamp': '2026-08-12T16:42:04.046563-04:00', 'category': 'worker_exit', 'severity': 'error', 'stage': 'x86_64 RAM plus Shared iGPU and Dedicated dGPU Memory', 'source': 'vram', 'message': 'vram worker exited early with code 1', 'details': {'return_code': 1, 'command': ['env', 'DRI_PRIME=pci-0000_00_02_0', 'MESA_VK_DEVICE_SELECT=8086:7d67', '/var/home/empc/Documents/Test Build 0.2.0.b-alpha [x86-64]/.venv/bin/python', 'native/vulkan_compute_worker.py', '--target-vendor', 'Intel', '--target-vendor-id', '0x8086', '--target-device-id', '0x7d67', '--target-device-name', 'Intel(R) Graphics (ARL)', '--target-card', 'card1', '--target-slot', '0000:00:02.0', '--target-id', '0000:00:02.0', '--physical-gpu-id', '', '--target-gpu-index', '1', '--target-vram-total', '0', '--buffer-bytes', '39110343385', '--system-memory-fixed-commitment-bytes', '1048576', '--ramp-step-seconds', '15.0', '--start-load-fraction', '0.35', '--result-file', 'results/2026-08-12_16-01-55_x86_64 Multi-GPU Combined Full Validation/worker_results/x86_combined_ram_all_gpu_memory_vram_1.json', '--device-class', 'integrated', '--profile-mode', 'steady', '--profile-intensity', 'extreme', '--tuning-step', '0', '--compute-rounds', '5', '--kernel-variant', 'stateful_memory', '--dispatch-repeats', '1'], 'backend': 'python_vulkan_compute', 'target_id': '0000:00:02.0', 'stdout_path': 'results/2026-08-12_16-01-55_x86_64 Multi-GPU Combined Full Validation/worker_logs/x86_combined_ram_all_gpu_memory_vram_2.stdout.log', 'stderr_path': 'results/2026-08-12_16-01-55_x86_64 Multi-GPU Combined Full Validation/worker_logs/x86_combined_ram_all_gpu_memory_vram_2.stderr.log', 'stdout_tail': '', 'stderr_tail': 'Traceback (most recent call last):\n  File ""/var/home/empc/Documents/Test Build 0.2.0.b-alpha [x86-64]/native/vulkan_compute_worker.py"", line 14, in <module>\n    from Modules.lvs_runtime_memory_guard import claim_runtime_allocation_growth, release_runtime_allocation_claim\nModuleNotFoundError: No module named \'Modules\''}}; {'timestamp': '2026-08-12T16:42:04.046770-04:00', 'category': 'worker_exit', 'severity': 'error', 'stage': 'x86_64 RAM plus Shared iGPU and Dedicated dGPU Memory', 'source': 'vram', 'message': 'vram worker exited early with code 1', 'details': {'return_code': 1, 'command': ['env', 'DRI_PRIME=pci-0000_04_00_0', 'MESA_VK_DEVICE_SELECT=1002:7551', '/var/home/empc/Documents/Test Build 0.2.0.b-alpha [x86-64]/.venv/bin/python', 'native/vulkan_compute_worker.py', '--target-vendor', 'AMD', '--target-vendor-id', '0x1002', '--target-device-id', '0x7551', '--target-device-name', 'AMD Radeon AI PRO R9700 (RADV GFX1201)', '--target-card', 'card2', '--target-slot', '0000:04:00.0', '--target-id', '0000:04:00.0', '--physical-gpu-id', '', '--target-gpu-index', '0', '--target-vram-total', '34208743424', '--buffer-bytes', '23946120396', '--system-memory-fixed-commitment-bytes', '1048576', '--ramp-step-seconds', '15.0', '--start-load-fraction', '0.35', '--result-file', 'results/2026-08-12_16-01-55_x86_64 Multi-GPU Combined Full Validation/worker_results/x86_combined_ram_all_gpu_memory_vram_2.json', '--device-class', 'discrete', '--profile-mode', 'steady', '--profile-intensity', 'extreme', '--tuning-step', '0', '--compute-rounds', '7', '--kernel-variant', 'stateful_memory', '--dispatch-repeats', '1'], 'backend': 'python_vulkan_compute', 'target_id': '0000:04:00.0', 'stdout_path': 'results/2026-08-12_16-01-55_x86_64 Multi-GPU Combined Full Validation/worker_logs/x86_combined_ram_all_gpu_memory_vram_3.stdout.log', 'stderr_path': 'results/2026-08-12_16-01-55_x86_64 Multi-GPU Combined Full Validation/worker_logs/x86_combined_ram_all_gpu_memory_vram_3.stderr.log', 'stdout_tail': '', 'stderr_tail': 'Traceback (most recent call last):\n  File ""/var/home/empc/Documents/Test Build 0.2.0.b-alpha [x86-64]/native/vulkan_compute_worker.py"", line 14, in <module>\n    from Modules.lvs_runtime_memory_guard import claim_runtime_allocation_growth, release_runtime_allocation_claim\nModuleNotFoundError: No module named \'Modules\''}}","PARTIALLY EXECUTED, NOT VALIDATED",high,yes,"CPU/RAM participant ran, but required Vulkan participant failed at startup; intended concurrency was absent.",results/2026-08-12_16-01-55_x86_64 Multi-GPU Combined Full Validation
Intel(R) Core(TM) Ultra 9 285K,x86_64 Multi-GPU Combined Full Validation,x86_combined_ram_dgpu,memory+vram,system RAM; GPU memory discrete_all,system RAM; GPU 0000:04:00.0,memory:native; vram:vulkan,memory:memory_native_helper; vram:python_vulkan_compute,,,,,RAM 80% allocation/pressure; sustained GPU progress and verification,"RAM target 75.01 GiB, used median 82.44 GiB, max 82.62 GiB",RAM 80%; VRAM 90%,"RAM backend=memory_native_helper, achieved=75.01 GiB, ratio=None, verify=5080, allocation_verified=, errors=0",600,601.89,"RAM backend=memory_native_helper, achieved=75.01 GiB, ratio=None, verify=5080, allocation_verified=, errors=0; GPU status=None, iterations=, verify=, error=","VRAM stage is using the suite-native Vulkan stateful-memory/readback backend; Internal GPU workers will ramp from 35% load over approximately 45s; {'timestamp': '2026-08-12T16:22:01.666712-04:00', 'category': 'worker_exit', 'severity': 'error', 'stage': 'x86_64 Native RAM plus Dedicated dGPU Vulkan VRAM', 'source': 'vram', 'message': 'vram worker exited early with code 1', 'details': {'return_code': 1, 'command': ['env', 'DRI_PRIME=pci-0000_04_00_0', 'MESA_VK_DEVICE_SELECT=1002:7551', '/var/home/empc/Documents/Test Build 0.2.0.b-alpha [x86-64]/.venv/bin/python', 'native/vulkan_compute_worker.py', '--target-vendor', 'AMD', '--target-vendor-id', '0x1002', '--target-device-id', '0x7551', '--target-device-name', 'AMD Radeon AI PRO R9700 (RADV GFX1201)', '--target-card', 'card2', '--target-slot', '0000:04:00.0', '--target-id', '0000:04:00.0', '--physical-gpu-id', '', '--target-gpu-index', '0', '--target-vram-total', '34208743424', '--buffer-bytes', '30787869081', '--system-memory-fixed-commitment-bytes', '1048576', '--ramp-step-seconds', '15.0', '--start-load-fraction', '0.35', '--result-file', 'results/2026-08-12_16-01-55_x86_64 Multi-GPU Combined Full Validation/worker_results/x86_combined_ram_dgpu_vram_1.json', '--device-class', 'discrete', '--profile-mode', 'steady', '--profile-intensity', 'extreme', '--tuning-step', '0', '--compute-rounds', '7', '--kernel-variant', 'stateful_memory', '--dispatch-repeats', '1'], 'backend': 'python_vulkan_compute', 'target_id': '0000:04:00.0', 'stdout_path': 'results/2026-08-12_16-01-55_x86_64 Multi-GPU Combined Full Validation/worker_logs/x86_combined_ram_dgpu_vram_2.stdout.log', 'stderr_path': 'results/2026-08-12_16-01-55_x86_64 Multi-GPU Combined Full Validation/worker_logs/x86_combined_ram_dgpu_vram_2.stderr.log', 'stdout_tail': '', 'stderr_tail': 'Traceback (most recent call last):\n  File ""/var/home/empc/Documents/Test Build 0.2.0.b-alpha [x86-64]/native/vulkan_compute_worker.py"", line 14, in <module>\n    from Modules.lvs_runtime_memory_guard import claim_runtime_allocation_growth, release_runtime_allocation_claim\nModuleNotFoundError: No module named \'Modules\''}}","PARTIALLY EXECUTED, NOT VALIDATED",high,yes,"CPU/RAM participant ran, but required Vulkan participant failed at startup; intended concurrency was absent.",results/2026-08-12_16-01-55_x86_64 Multi-GPU Combined Full Validation
Intel(R) Core(TM) Ultra 9 285K,x86_64 Multi-GPU Combined Full Validation,x86_combined_ram_igpu,memory+gpu_3d,system RAM; GPU integrated_all,system RAM; GPU 0000:00:02.0,memory:native; gpu_3d:vulkan_compute,memory:memory_native_helper; gpu_3d:python_vulkan_compute,,,,,RAM 70% allocation/pressure; sustained GPU progress and verification,"RAM target 48.74 GiB, used median 56.16 GiB, max 56.25 GiB",RAM 70%; GPU3D 70%,"RAM backend=memory_native_helper, achieved=48.74 GiB, ratio=None, verify=7817, allocation_verified=, errors=0",600,601.99,"RAM backend=memory_native_helper, achieved=48.74 GiB, ratio=None, verify=7817, allocation_verified=, errors=0; GPU status=None, iterations=, verify=, error=","3D stage is using the suite-native Vulkan compute/readback backend; 3D Vulkan compute variant 'stateful_memory' selected; 3D Vulkan compute variant 'stateful_memory' is experimental; hash remains the validated production path; 3D Vulkan stateful-memory allocation target is explicitly set to 70% with capacity-based safety reserves; 3D intensity 'extreme' is shaping suite-native GPU load scaling for this stage; 3D backend 'python_vulkan_compute' is curated as Vulkan / parametric / compute_readback / purpose=suite_native_gpu_stress; Internal GPU workers will ramp from 35% load over approximately 45s; {'timestamp': '2026-08-12T16:11:59.695038-04:00', 'category': 'worker_exit', 'severity': 'error', 'stage': 'x86_64 Native RAM plus Shared iGPU Stateful Memory', 'source': 'gpu_3d', 'message': 'gpu_3d worker exited early with code 1', 'details': {'return_code': 1, 'command': ['env', 'DRI_PRIME=pci-0000_00_02_0', 'MESA_VK_DEVICE_SELECT=8086:7d67', '/var/home/empc/Documents/Test Build 0.2.0.b-alpha [x86-64]/.venv/bin/python', 'native/vulkan_compute_worker.py', '--target-vendor', 'Intel', '--target-vendor-id', '0x8086', '--target-device-id', '0x7d67', '--target-device-name', 'Intel(R) Graphics (ARL)', '--target-card', 'card1', '--target-slot', '0000:00:02.0', '--target-id', '0000:00:02.0', '--physical-gpu-id', '', '--target-gpu-index', '1', '--target-vram-total', '0', '--buffer-bytes', '39228146614', '--system-memory-fixed-commitment-bytes', '1048576', '--ramp-step-seconds', '15.0', '--start-load-fraction', '0.35', '--result-file', 'results/2026-08-12_16-01-55_x86_64 Multi-GPU Combined Full Validation/worker_results/x86_combined_ram_igpu_gpu_3d_1.json', '--device-class', 'integrated', '--profile-mode', 'steady', '--profile-intensity', 'extreme', '--tuning-step', '0', '--compute-rounds', '5', '--kernel-variant', 'stateful_memory', '--dispatch-repeats', '1'], 'backend': 'python_vulkan_compute', 'target_id': '0000:00:02.0', 'stdout_path': 'results/2026-08-12_16-01-55_x86_64 Multi-GPU Combined Full Validation/worker_logs/x86_combined_ram_igpu_gpu_3d_2.stdout.log', 'stderr_path': 'results/2026-08-12_16-01-55_x86_64 Multi-GPU Combined Full Validation/worker_logs/x86_combined_ram_igpu_gpu_3d_2.stderr.log', 'stdout_tail': '', 'stderr_tail': 'Traceback (most recent call last):\n  File ""/var/home/empc/Documents/Test Build 0.2.0.b-alpha [x86-64]/native/vulkan_compute_worker.py"", line 14, in <module>\n    from Modules.lvs_runtime_memory_guard import claim_runtime_allocation_growth, release_runtime_allocation_claim\nModuleNotFoundError: No module named \'Modules\''}}","PARTIALLY EXECUTED, NOT VALIDATED",high,yes,"CPU/RAM participant ran, but required Vulkan participant failed at startup; intended concurrency was absent.",results/2026-08-12_16-01-55_x86_64 Multi-GPU Combined Full Validation
Intel(R) Core(TM) i7-10750H CPU @ 2.60GHz,x86_64 CPU Full Validation,x86_cpu_native_avx,cpu,"CPU [0, 1, 2, 3, 4, 5, 6, 7, 8, 9, 10, 11]","CPU [0, 1, 2, 3, 4, 5, 6, 7, 8, 9, 10, 11]",cpu:native,cpu:cpu_native_helper,12,12,avx,avx,target-CPU saturation,"CPU median 100.0%, p10 100.0%, lowest logical median 100.0%",,,600,600.41,"CPU verify=4161558, canary=4161558, errors=0","CPU stage is using the native helper backend (avx, kernel avx_fma)",VALIDATED,high,no,"Correct target/backend, sustained duration/load or pressure, durable progress/integrity evidence, truthful verdict.",results/2026-08-12_12-20-47_x86_64 CPU Full Validation
Intel(R) Core(TM) i7-10750H CPU @ 2.60GHz,x86_64 CPU Full Validation,x86_cpu_native_avx2,cpu,"CPU [0, 1, 2, 3, 4, 5, 6, 7, 8, 9, 10, 11]","CPU [0, 1, 2, 3, 4, 5, 6, 7, 8, 9, 10, 11]",cpu:native,cpu:cpu_native_helper,12,12,avx2,avx2,target-CPU saturation,"CPU median 100.0%, p10 100.0%, lowest logical median 100.0%",,,600,600.8,"CPU verify=5358897, canary=5358897, errors=0","CPU stage is using the native helper backend (avx2, kernel avx2_fma)",VALIDATED,high,no,"Correct target/backend, sustained duration/load or pressure, durable progress/integrity evidence, truthful verdict.",results/2026-08-12_12-20-47_x86_64 CPU Full Validation
Intel(R) Core(TM) i7-10750H CPU @ 2.60GHz,x86_64 CPU Full Validation,x86_cpu_native_scalar,cpu,"CPU [0, 1, 2, 3, 4, 5, 6, 7, 8, 9, 10, 11]","CPU [0, 1, 2, 3, 4, 5, 6, 7, 8, 9, 10, 11]",cpu:native,cpu:cpu_native_helper,12,12,scalar,scalar,target-CPU saturation,"CPU median 100.0%, p10 100.0%, lowest logical median 100.0%",,,600,600.56,"CPU verify=1499998, canary=1499998, errors=0","CPU stage is using the native helper backend (scalar, kernel scalar)",VALIDATED,high,no,"Correct target/backend, sustained duration/load or pressure, durable progress/integrity evidence, truthful verdict.",results/2026-08-12_12-20-47_x86_64 CPU Full Validation
Intel(R) Core(TM) i7-10750H CPU @ 2.60GHz,x86_64 CPU Full Validation,x86_cpu_native_sse,cpu,"CPU [0, 1, 2, 3, 4, 5, 6, 7, 8, 9, 10, 11]","CPU [0, 1, 2, 3, 4, 5, 6, 7, 8, 9, 10, 11]",cpu:native,cpu:cpu_native_helper,12,12,sse,sse2_int,target-CPU saturation,"CPU median 100.0%, p10 100.0%, lowest logical median 100.0%",,,600,601.12,"CPU verify=10150368, canary=10150368, errors=0","CPU stage is using the native helper backend (sse, kernel sse2)",VALIDATED,high,no,"Correct target/backend, sustained duration/load or pressure, durable progress/integrity evidence, truthful verdict.",results/2026-08-12_12-20-47_x86_64 CPU Full Validation
Intel(R) Core(TM) i7-10750H CPU @ 2.60GHz,x86_64 CPU Full Validation,x86_cpu_python,cpu,"CPU [0, 1, 2, 3, 4, 5, 6, 7, 8, 9, 10, 11]","CPU [0, 1, 2, 3, 4, 5, 6, 7, 8, 9, 10, 11]",cpu:python_fallback,cpu:python_fallback,12,12,auto,,target-CPU saturation,"CPU median 100.0%, p10 100.0%, lowest logical median 100.0%",,,600,601.14,"CPU verify=, canary=, errors=0",CPU stage is using Python fallback; load strength is approximate,UNPROVEN DUE TO INSUFFICIENT EVIDENCE,high,yes,"All workers were pinned, saturated their targets, and made PBKDF2 progress, but the saved worker did not verify computed results.",results/2026-08-12_12-20-47_x86_64 CPU Full Validation
Intel(R) Core(TM) i7-10750H CPU @ 2.60GHz,x86_64 CPU Full Validation,x86_cpu_stress_ng,cpu,"CPU [0, 1, 2, 3, 4, 5, 6, 7, 8, 9, 10, 11]","CPU [0, 1, 2, 3, 4, 5, 6, 7, 8, 9, 10, 11]",cpu:stress_ng,cpu:stress_ng,12,None,auto,,target-CPU saturation,"CPU median 100.0%, p10 100.0%, lowest logical median 100.0%",,,600,600.33,"CPU verify=, canary=, errors=0",CPU stage is using stress-ng,UNPROVEN DUE TO INSUFFICIENT EVIDENCE,high,yes,"All intended CPUs were saturated and bogo progress was positive, but the command did not enable stress-ng verification.",results/2026-08-12_12-20-47_x86_64 CPU Full Validation
Intel(R) Core(TM) i7-10750H CPU @ 2.60GHz,x86_64 CPU Targeting Functional,x86_target_native_auto,cpu,"CPU [0, 1, 2, 3, 4, 5, 6, 7, 8, 9, 10, 11]","CPU [0, 1, 2, 3, 4, 5, 6, 7, 8, 9, 10, 11]",cpu:native,cpu:cpu_native_helper,12,12,auto,avx2_fma,target-CPU saturation,"CPU median 100.0%, p10 100.0%, lowest logical median 100.0%",,,90,90.35,"CPU verify=914057, canary=914057, errors=0","CPU stage is using the native helper backend (auto, kernel avx2_fma); CPU stage will auto-tune at runtime for maximum package power; the executed mode/kernel may differ from the dry-run preview",VALIDATED,high,no,"Correct target/backend, sustained duration/load or pressure, durable progress/integrity evidence, truthful verdict.",results/2026-08-12_11-25-28_x86_64 CPU Targeting Functional
Intel(R) Core(TM) i7-10750H CPU @ 2.60GHz,x86_64 CPU Targeting Functional,x86_target_python,cpu,"CPU [0, 1, 2, 3, 4, 5, 6, 7, 8, 9, 10, 11]","CPU [0, 1, 2, 3, 4, 5, 6, 7, 8, 9, 10, 11]",cpu:python_fallback,cpu:python_fallback,12,12,auto,,target-CPU saturation,"CPU median 100.0%, p10 100.0%, lowest logical median 100.0%",,,90,90.75,"CPU verify=, canary=, errors=0",CPU stage is using Python fallback; load strength is approximate,UNPROVEN DUE TO INSUFFICIENT EVIDENCE,high,yes,"All workers were pinned, saturated their targets, and made PBKDF2 progress, but the saved worker did not verify computed results.",results/2026-08-12_11-25-28_x86_64 CPU Targeting Functional
Intel(R) Core(TM) i7-10750H CPU @ 2.60GHz,x86_64 CPU Targeting Functional,x86_target_stress_ng,cpu,"CPU [0, 1, 2, 3, 4, 5, 6, 7, 8, 9, 10, 11]","CPU [0, 1, 2, 3, 4, 5, 6, 7, 8, 9, 10, 11]",cpu:stress_ng,cpu:stress_ng,12,None,auto,,target-CPU saturation,"CPU median 100.0%, p10 100.0%, lowest logical median 100.0%",,,90,91.29,"CPU verify=, canary=, errors=0",CPU stage is using stress-ng,UNPROVEN DUE TO INSUFFICIENT EVIDENCE,high,yes,"All intended CPUs were saturated and bogo progress was positive, but the command did not enable stress-ng verification.",results/2026-08-12_11-25-28_x86_64 CPU Targeting Functional
Intel(R) Core(TM) i7-10750H CPU @ 2.60GHz,x86_64 Intel iGPU Full Validation,intel_igpu_vulkan_compute,gpu_3d,GPU integrated_all,GPU 0000:00:02.0,gpu_3d:vulkan_compute,gpu_3d:python_vulkan_compute,,,,,sustained GPU progress and verification,,,,600,600.38,"GPU status=None, iterations=, verify=, error=","3D stage is using the suite-native Vulkan compute/readback backend; 3D Vulkan compute variant 'stress_hash' selected; 3D Vulkan compute variant 'stress_hash' is experimental; hash remains the validated production path; 3D intensity 'extreme' is shaping suite-native GPU load scaling for this stage; 3D backend 'python_vulkan_compute' is curated as Vulkan / parametric / compute_readback / purpose=suite_native_gpu_stress; Internal GPU workers will ramp from 35% load over approximately 45s; {'timestamp': '2026-08-12T14:35:01.837555-04:00', 'category': 'worker_exit', 'severity': 'error', 'stage': 'Intel iGPU Vulkan Compute and Readback Sustained', 'source': 'gpu_3d', 'message': 'gpu_3d worker exited early with code 1', 'details': {'return_code': 1, 'command': ['env', 'DRI_PRIME=pci-0000_00_02_0', 'MESA_VK_DEVICE_SELECT=8086:9bc4', '/var/home/mark/Documents/Test Build 0.2.0.b-alpha [x86-64]/.venv/bin/python', 'native/vulkan_compute_worker.py', '--target-vendor', 'Intel', '--target-vendor-id', '0x8086', '--target-device-id', '0x9bc4', '--target-device-name', 'Intel(R) UHD Graphics (CML GT2)', '--target-card', 'card1', '--target-slot', '0000:00:02.0', '--target-id', '0000:00:02.0', '--physical-gpu-id', '', '--target-gpu-index', '0', '--target-vram-total', '0', '--buffer-bytes', '50331648', '--system-memory-fixed-commitment-bytes', '1048576', '--ramp-step-seconds', '15.0', '--start-load-fraction', '0.35', '--result-file', 'results/2026-08-12_14-35-00_x86_64 Intel iGPU Full Validation/worker_results/intel_igpu_vulkan_compute_gpu_3d_1.json', '--device-class', 'integrated', '--profile-mode', 'steady', '--profile-intensity', 'extreme', '--tuning-step', '0', '--compute-rounds', '62', '--kernel-variant', 'stress_hash', '--dispatch-repeats', '4'], 'backend': 'python_vulkan_compute', 'target_id': '0000:00:02.0', 'stdout_path': 'results/2026-08-12_14-35-00_x86_64 Intel iGPU Full Validation/worker_logs/intel_igpu_vulkan_compute_gpu_3d_1.stdout.log', 'stderr_path': 'results/2026-08-12_14-35-00_x86_64 Intel iGPU Full Validation/worker_logs/intel_igpu_vulkan_compute_gpu_3d_1.stderr.log', 'stdout_tail': '', 'stderr_tail': 'Traceback (most recent call last):\n  File ""/var/home/mark/Documents/Test Build 0.2.0.b-alpha [x86-64]/native/vulkan_compute_worker.py"", line 14, in <module>\n    from Modules.lvs_runtime_memory_guard import claim_runtime_allocation_growth, release_runtime_allocation_claim\nModuleNotFoundError: No module named \'Modules\''}}",FAILED,high,yes,Vulkan worker exited at startup on Modules.lvs_runtime_memory_guard import failure; no workload progress/verification.,results/2026-08-12_14-35-00_x86_64 Intel iGPU Full Validation
Intel(R) Core(TM) i7-10750H CPU @ 2.60GHz,x86_64 Intel iGPU Full Validation,intel_igpu_vulkan_stateful,gpu_3d,GPU integrated_all,GPU 0000:00:02.0,gpu_3d:vulkan_compute,gpu_3d:python_vulkan_compute,,,,,sustained GPU progress and verification,,GPU3D 80%,,600,601.07,"GPU status=None, iterations=, verify=, error=","3D stage is using the suite-native Vulkan compute/readback backend; 3D Vulkan compute variant 'stateful_memory' selected; 3D Vulkan compute variant 'stateful_memory' is experimental; hash remains the validated production path; 3D Vulkan stateful-memory allocation target is explicitly set to 80% with capacity-based safety reserves; 3D intensity 'extreme' is shaping suite-native GPU load scaling for this stage; 3D backend 'python_vulkan_compute' is curated as Vulkan / parametric / compute_readback / purpose=suite_native_gpu_stress; Internal GPU workers will ramp from 35% load over approximately 45s; {'timestamp': '2026-08-12T14:55:02.439992-04:00', 'category': 'worker_exit', 'severity': 'error', 'stage': 'Intel iGPU Vulkan Stateful Shared Memory Sustained', 'source': 'gpu_3d', 'message': 'gpu_3d worker exited early with code 1', 'details': {'return_code': 1, 'command': ['env', 'DRI_PRIME=pci-0000_00_02_0', 'MESA_VK_DEVICE_SELECT=8086:9bc4', '/var/home/mark/Documents/Test Build 0.2.0.b-alpha [x86-64]/.venv/bin/python', 'native/vulkan_compute_worker.py', '--target-vendor', 'Intel', '--target-vendor-id', '0x8086', '--target-device-id', '0x9bc4', '--target-device-name', 'Intel(R) UHD Graphics (CML GT2)', '--target-card', 'card1', '--target-slot', '0000:00:02.0', '--target-id', '0000:00:02.0', '--physical-gpu-id', '', '--target-gpu-index', '0', '--target-vram-total', '0', '--buffer-bytes', '20035102310', '--system-memory-fixed-commitment-bytes', '1048576', '--ramp-step-seconds', '15.0', '--start-load-fraction', '0.35', '--result-file', 'results/2026-08-12_14-35-00_x86_64 Intel iGPU Full Validation/worker_results/intel_igpu_vulkan_stateful_gpu_3d_1.json', '--device-class', 'integrated', '--profile-mode', 'steady', '--profile-intensity', 'extreme', '--tuning-step', '0', '--compute-rounds', '3', '--kernel-variant', 'stateful_memory', '--dispatch-repeats', '1'], 'backend': 'python_vulkan_compute', 'target_id': '0000:00:02.0', 'stdout_path': 'results/2026-08-12_14-35-00_x86_64 Intel iGPU Full Validation/worker_logs/intel_igpu_vulkan_stateful_gpu_3d_1.stdout.log', 'stderr_path': 'results/2026-08-12_14-35-00_x86_64 Intel iGPU Full Validation/worker_logs/intel_igpu_vulkan_stateful_gpu_3d_1.stderr.log', 'stdout_tail': '', 'stderr_tail': 'Traceback (most recent call last):\n  File ""/var/home/mark/Documents/Test Build 0.2.0.b-alpha [x86-64]/native/vulkan_compute_worker.py"", line 14, in <module>\n    from Modules.lvs_runtime_memory_guard import claim_runtime_allocation_growth, release_runtime_allocation_claim\nModuleNotFoundError: No module named \'Modules\''}}",FAILED,high,yes,Vulkan worker exited at startup on Modules.lvs_runtime_memory_guard import failure; no workload progress/verification.,results/2026-08-12_14-35-00_x86_64 Intel iGPU Full Validation
Intel(R) Core(TM) i7-10750H CPU @ 2.60GHz,x86_64 Intel iGPU Full Validation,intel_igpu_vulkan_transfer,gpu_3d,GPU integrated_all,GPU 0000:00:02.0,gpu_3d:vulkan,gpu_3d:python_vulkan_transfer,,,,,sustained GPU progress and verification,,,,600,600.02,"GPU status=None, iterations=, verify=, error=","3D stage is using the suite-native Vulkan transfer/readback backend; Vulkan transfer/readback validates Vulkan routing and memory movement; it is not yet a shader or ray-tracing saturation workload; 3D intensity 'extreme' is shaping suite-native GPU load scaling for this stage; 3D backend 'python_vulkan_transfer' is curated as Vulkan / parametric / transfer_readback / purpose=transfer_diagnostic; Internal GPU workers will ramp from 35% load over approximately 45s; {'timestamp': '2026-08-12T14:45:02.371955-04:00', 'category': 'worker_exit', 'severity': 'error', 'stage': 'Intel iGPU Vulkan Transfer and Readback Sustained', 'source': 'gpu_3d', 'message': 'gpu_3d worker exited early with code 1', 'details': {'return_code': 1, 'command': ['env', 'DRI_PRIME=pci-0000_00_02_0', 'MESA_VK_DEVICE_SELECT=8086:9bc4', '/var/home/mark/Documents/Test Build 0.2.0.b-alpha [x86-64]/.venv/bin/python', 'native/vulkan_transfer_worker.py', '--target-vendor', 'Intel', '--target-vendor-id', '0x8086', '--target-device-id', '0x9bc4', '--target-device-name', 'Intel(R) UHD Graphics (CML GT2)', '--target-card', 'card1', '--target-slot', '0000:00:02.0', '--target-id', '0000:00:02.0', '--physical-gpu-id', '', '--target-gpu-index', '0', '--target-vram-total', '0', '--buffer-bytes', '50331648', '--ramp-step-seconds', '15.0', '--start-load-fraction', '0.35', '--result-file', 'results/2026-08-12_14-35-00_x86_64 Intel iGPU Full Validation/worker_results/intel_igpu_vulkan_transfer_gpu_3d_1.json', '--device-class', 'integrated', '--profile-mode', 'steady', '--profile-intensity', 'extreme', '--tuning-step', '0'], 'backend': 'python_vulkan_transfer', 'target_id': '0000:00:02.0', 'stdout_path': 'results/2026-08-12_14-35-00_x86_64 Intel iGPU Full Validation/worker_logs/intel_igpu_vulkan_transfer_gpu_3d_1.stdout.log', 'stderr_path': 'results/2026-08-12_14-35-00_x86_64 Intel iGPU Full Validation/worker_logs/intel_igpu_vulkan_transfer_gpu_3d_1.stderr.log', 'stdout_tail': '', 'stderr_tail': 'Traceback (most recent call last):\n  File ""/var/home/mark/Documents/Test Build 0.2.0.b-alpha [x86-64]/native/vulkan_transfer_worker.py"", line 15, in <module>\n    from Modules.lvs_runtime_memory_guard import claim_runtime_allocation_growth, release_runtime_allocation_claim\nModuleNotFoundError: No module named \'Modules\''}}; {'timestamp': '2026-08-12T14:55:01.959955-04:00', 'category': 'gpu_backend_effectiveness', 'severity': 'info', 'stage': 'Intel iGPU Vulkan Transfer and Readback Sustained', 'source': 'gpu_0_busy_percent', 'message': 'target GPU 0000:00:02.0 used diagnostic backend(s) python_vulkan_transfer; treat this as API routing/transfer validation, not a saturation result', 'details': {'gpu_index': 0, 'target_id': '0000:00:02.0', 'workloads': ['gpu_3d'], 'backends': ['python_vulkan_transfer'], 'load_classes': ['diagnostic'], 'metric': 'gpu_0_busy_percent', 'max_busy_percent': 0.0, 'avg_busy_percent': 0.0, 'max_power_w': 23.35, 'avg_power_w': 9.55, 'max_memory_busy_percent': 0.0, 'avg_memory_busy_percent': 0.0, 'backend_preference_3d': 'vulkan', 'backend_resolved_3d': 'python_vulkan_transfer', 'device_class': '', 'diagnostic_backend': True, 'saturation_result': False}}",FAILED,high,yes,Vulkan worker exited at startup on Modules.lvs_runtime_memory_guard import failure; no workload progress/verification.,results/2026-08-12_14-35-00_x86_64 Intel iGPU Full Validation
Intel(R) Core(TM) i7-10750H CPU @ 2.60GHz,x86_64 Memory Full Validation,x86_memory_native,memory,system RAM,system RAM,memory:native,memory:memory_native_helper,,,,,RAM 80% allocation/pressure,"RAM target 24.88 GiB, used median 28.71 GiB, max 28.78 GiB",RAM 80%,"RAM backend=memory_native_helper, achieved=24.88 GiB, ratio=None, verify=4204, allocation_verified=, errors=0",600,601.9,"RAM backend=memory_native_helper, achieved=24.88 GiB, ratio=None, verify=4204, allocation_verified=, errors=0",,VALIDATED,high,no,"Correct target/backend, sustained duration/load or pressure, durable progress/integrity evidence, truthful verdict.",results/2026-08-12_14-04-06_x86_64 Memory Full Validation
Intel(R) Core(TM) i7-10750H CPU @ 2.60GHz,x86_64 Memory Full Validation,x86_memory_python,memory,system RAM,system RAM,memory:python_fallback,memory:python_fallback,,,,,RAM 80% allocation/pressure,"RAM target 24.88 GiB, used median 28.84 GiB, max 28.88 GiB",RAM 80%,"RAM backend=python_fallback, achieved=24.88 GiB, ratio=1.0, verify=, allocation_verified=False, errors=0",600,601.21,"RAM backend=python_fallback, achieved=24.88 GiB, ratio=1.0, verify=, allocation_verified=False, errors=0",Memory stage is using Python fallback; behavior is approximate,UNPROVEN DUE TO INSUFFICIENT EVIDENCE,high,yes,"Allocation retained, but allocation_verified=false and worker performs no ongoing integrity cycle; some systems were materially capped.",results/2026-08-12_14-04-06_x86_64 Memory Full Validation
Intel(R) Core(TM) i7-10750H CPU @ 2.60GHz,x86_64 Memory Full Validation,x86_memory_stress_ng,memory,system RAM,system RAM,memory:stress_ng,memory:stress_ng,,,,,RAM 80% allocation/pressure,"RAM target 24.88 GiB, used median 28.79 GiB, max 28.9 GiB",RAM 80%,"RAM backend=stress_ng, achieved=, ratio=None, verify=, allocation_verified=, errors=0",600,605.14,"RAM backend=stress_ng, achieved=, ratio=None, verify=, allocation_verified=, errors=0",,UNPROVEN DUE TO INSUFFICIENT EVIDENCE,high,yes,"Pressure sustained, but command/result lacks durable bogo/progress and explicit verification evidence.",results/2026-08-12_14-04-06_x86_64 Memory Full Validation
Intel(R) Core(TM) i7-10750H CPU @ 2.60GHz,x86_64 Multi-GPU Combined Full Validation,x86_combined_cpu_ram,cpu+memory,"CPU [0, 1, 2, 3, 4, 5, 6, 7, 8, 9, 10, 11]; system RAM","CPU [0, 1, 2, 3, 4, 5, 6, 7, 8, 9, 10, 11]; system RAM",cpu:native; memory:native,cpu:cpu_native_helper; memory:memory_native_helper,12,12,auto,avx2_fma,target-CPU saturation; RAM 80% allocation/pressure,"CPU median 100.0%, p10 100.0%, lowest logical median 100.0%; RAM target 24.88 GiB, used median 28.8 GiB, max 28.84 GiB",RAM 80%,"RAM backend=memory_native_helper, achieved=24.88 GiB, ratio=None, verify=2142, allocation_verified=, errors=0",600,602.19,"CPU verify=3136890, canary=3136890, errors=0; RAM backend=memory_native_helper, achieved=24.88 GiB, ratio=None, verify=2142, allocation_verified=, errors=0","CPU stage is using the native helper backend (auto, kernel avx2_fma); CPU stage will auto-tune at runtime for maximum package power; the executed mode/kernel may differ from the dry-run preview",VALIDATED,high,no,"Correct target/backend, sustained duration/load or pressure, durable progress/integrity evidence, truthful verdict.",results/2026-08-12_16-45-20_x86_64 Multi-GPU Combined Full Validation
Intel(R) Core(TM) i7-10750H CPU @ 2.60GHz,x86_64 Multi-GPU Combined Full Validation,x86_combined_full,cpu+memory+gpu_3d+vram,"CPU [0, 1, 2, 3, 4, 5, 6, 7, 8, 9, 10, 11]; system RAM; GPU all; GPU memory all","CPU [0, 1, 2, 3, 4, 5, 6, 7, 8, 9, 10, 11]; system RAM; GPU 0000:00:02.0; GPU 0000:01:00.0",cpu:native; memory:native; gpu_3d:vulkan_compute; vram:vulkan,cpu:cpu_native_helper; memory:memory_native_helper; gpu_3d:python_vulkan_compute; vram:python_vulkan_compute,12,12,auto,avx2_fma,target-CPU saturation; RAM 70% allocation/pressure; sustained GPU progress and verification,"CPU median 100.0%, p10 100.0%, lowest logical median 100.0%; RAM target 14.99 GiB, used median 18.84 GiB, max 18.92 GiB",RAM 70%; VRAM 70%,"RAM backend=memory_native_helper, achieved=14.99 GiB, ratio=None, verify=3547, allocation_verified=, errors=0",600,601.63,"CPU verify=3142483, canary=3142483, errors=0; RAM backend=memory_native_helper, achieved=14.99 GiB, ratio=None, verify=3547, allocation_verified=, errors=0; GPU status=None, iterations=, verify=, error=; GPU status=None, iterations=, verify=, error=","CPU stage is using the native helper backend (auto, kernel avx2_fma); CPU stage will auto-tune at runtime for maximum package power; the executed mode/kernel may differ from the dry-run preview; 3D stage is using the suite-native Vulkan compute/readback backend; 3D Vulkan compute variant 'stress_hash' selected; 3D Vulkan compute variant 'stress_hash' is experimental; hash remains the validated production path; 3D intensity 'extreme' is shaping suite-native GPU load scaling for this stage; Mixed-stage Vulkan VRAM workers are fused GPU+VRAM stateful-memory workers on 0000:00:02.0, 0000:01:00.0; separate same-target Vulkan 3D workers are not launched to avoid doubling Vulkan worker pressure; 3D backend 'python_vulkan_compute' is curated as Vulkan / parametric / compute_readback / purpose=suite_native_gpu_stress; VRAM stage is using the suite-native Vulkan stateful-memory/readback backend; Internal GPU workers will ramp from 35% load over approximately 45s; VRAM target for 0000:00:02.0 was capped by safe mode from 16.33GB to 10.96GB; {'timestamp': '2026-08-12T17:35:31.335281-04:00', 'category': 'worker_exit', 'severity': 'error', 'stage': 'x86_64 Full CPU RAM Shared iGPU and Dedicated dGPU Pressure', 'source': 'vram', 'message': 'vram worker exited early with code 1', 'details': {'return_code': 1, 'command': ['env', 'DRI_PRIME=pci-0000_01_00_0', 'MESA_VK_DEVICE_SELECT=10de:2191', '/var/home/mark/Documents/Test Build 0.2.0.b-alpha [x86-64]/.venv/bin/python', 'native/vulkan_compute_worker.py', '--target-vendor', 'NVIDIA', '--target-vendor-id', '0x10de', '--target-device-id', '0x2191', '--target-device-name', 'NVIDIA GeForce GTX 1660 Ti', '--target-card', 'card0', '--target-slot', '0000:01:00.0', '--target-id', '0000:01:00.0', '--physical-gpu-id', '', '--target-gpu-index', '1', '--target-vram-total', '6442450944', '--buffer-bytes', '4509715660', '--system-memory-fixed-commitment-bytes', '1048576', '--ramp-step-seconds', '15.0', '--start-load-fraction', '0.35', '--result-file', 'results/2026-08-12_16-45-20_x86_64 Multi-GPU Combined Full Validation/worker_results/x86_combined_full_vram_1.json', '--device-class', 'discrete', '--profile-mode', 'steady', '--profile-intensity', 'extreme', '--tuning-step', '0', '--compute-rounds', '5', '--kernel-variant', 'stateful_memory', '--dispatch-repeats', '1'], 'backend': 'python_vulkan_compute', 'target_id': '0000:01:00.0', 'stdout_path': 'results/2026-08-12_16-45-20_x86_64 Multi-GPU Combined Full Validation/worker_logs/x86_combined_full_vram_3.stdout.log', 'stderr_path': 'results/2026-08-12_16-45-20_x86_64 Multi-GPU Combined Full Validation/worker_logs/x86_combined_full_vram_3.stderr.log', 'stdout_tail': '', 'stderr_tail': 'Traceback (most recent call last):\n  File ""/var/home/mark/Documents/Test Build 0.2.0.b-alpha [x86-64]/native/vulkan_compute_worker.py"", line 14, in <module>\n    from Modules.lvs_runtime_memory_guard import claim_runtime_allocation_growth, release_runtime_allocation_claim\nModuleNotFoundError: No module named \'Modules\''}}; {'timestamp': '2026-08-12T17:35:31.335443-04:00', 'category': 'worker_exit', 'severity': 'error', 'stage': 'x86_64 Full CPU RAM Shared iGPU and Dedicated dGPU Pressure', 'source': 'vram', 'message': 'vram worker exited early with code 1', 'details': {'return_code': 1, 'command': ['env', 'DRI_PRIME=pci-0000_00_02_0', 'MESA_VK_DEVICE_SELECT=8086:9bc4', '/var/home/mark/Documents/Test Build 0.2.0.b-alpha [x86-64]/.venv/bin/python', 'native/vulkan_compute_worker.py', '--target-vendor', 'Intel', '--target-vendor-id', '0x8086', '--target-device-id', '0x9bc4', '--target-device-name', 'Intel(R) UHD Graphics (CML GT2)', '--target-card', 'card1', '--target-slot', '0000:00:02.0', '--target-id', '0000:00:02.0', '--physical-gpu-id', '', '--target-gpu-index', '0', '--target-vram-total', '0', '--buffer-bytes', '12041057638', '--system-memory-fixed-commitment-bytes', '1048576', '--ramp-step-seconds', '15.0', '--start-load-fraction', '0.35', '--result-file', 'results/2026-08-12_16-45-20_x86_64 Multi-GPU Combined Full Validation/worker_results/x86_combined_full_vram_2.json', '--device-class', 'integrated', '--profile-mode', 'steady', '--profile-intensity', 'extreme', '--tuning-step', '0', '--compute-rounds', '3', '--kernel-variant', 'stateful_memory', '--dispatch-repeats', '1'], 'backend': 'python_vulkan_compute', 'target_id': '0000:00:02.0', 'stdout_path': 'results/2026-08-12_16-45-20_x86_64 Multi-GPU Combined Full Validation/worker_logs/x86_combined_full_vram_4.stdout.log', 'stderr_path': 'results/2026-08-12_16-45-20_x86_64 Multi-GPU Combined Full Validation/worker_logs/x86_combined_full_vram_4.stderr.log', 'stdout_tail': '', 'stderr_tail': 'Traceback (most recent call last):\n  File ""/var/home/mark/Documents/Test Build 0.2.0.b-alpha [x86-64]/native/vulkan_compute_worker.py"", line 14, in <module>\n    from Modules.lvs_runtime_memory_guard import claim_runtime_allocation_growth, release_runtime_allocation_claim\nModuleNotFoundError: No module named \'Modules\''}}","PARTIALLY EXECUTED, NOT VALIDATED",high,yes,"CPU/RAM participant ran, but required Vulkan participant failed at startup; intended concurrency was absent.",results/2026-08-12_16-45-20_x86_64 Multi-GPU Combined Full Validation
Intel(R) Core(TM) i7-10750H CPU @ 2.60GHz,x86_64 Multi-GPU Combined Full Validation,x86_combined_igpu_dgpu,gpu_3d,GPU all,GPU 0000:00:02.0; GPU 0000:01:00.0,gpu_3d:vulkan_compute,gpu_3d:python_vulkan_compute,,,,,sustained GPU progress and verification,,,,600,601.28,"GPU status=None, iterations=, verify=, error=; GPU status=None, iterations=, verify=, error=","3D stage is using the suite-native Vulkan compute/readback backend; 3D Vulkan compute variant 'stress_hash' selected; 3D Vulkan compute variant 'stress_hash' is experimental; hash remains the validated production path; 3D intensity 'extreme' is shaping suite-native GPU load scaling for this stage; 3D backend 'python_vulkan_compute' is curated as Vulkan / parametric / compute_readback / purpose=suite_native_gpu_stress; Internal GPU workers will ramp from 35% load over approximately 45s; {'timestamp': '2026-08-12T17:15:28.693753-04:00', 'category': 'worker_exit', 'severity': 'error', 'stage': 'x86_64 Shared iGPU plus Dedicated dGPU Vulkan Compute', 'source': 'gpu_3d', 'message': 'gpu_3d worker exited early with code 1', 'details': {'return_code': 1, 'command': ['env', 'DRI_PRIME=pci-0000_01_00_0', 'MESA_VK_DEVICE_SELECT=10de:2191', '/var/home/mark/Documents/Test Build 0.2.0.b-alpha [x86-64]/.venv/bin/python', 'native/vulkan_compute_worker.py', '--target-vendor', 'NVIDIA', '--target-vendor-id', '0x10de', '--target-device-id', '0x2191', '--target-device-name', 'NVIDIA GeForce GTX 1660 Ti', '--target-card', 'card0', '--target-slot', '0000:01:00.0', '--target-id', '0000:01:00.0', '--physical-gpu-id', '', '--target-gpu-index', '1', '--target-vram-total', '6442450944', '--buffer-bytes', '228167680', '--system-memory-fixed-commitment-bytes', '1048576', '--ramp-step-seconds', '15.0', '--start-load-fraction', '0.35', '--result-file', 'results/2026-08-12_16-45-20_x86_64 Multi-GPU Combined Full Validation/worker_results/x86_combined_igpu_dgpu_gpu_3d_1.json', '--device-class', 'discrete', '--profile-mode', 'steady', '--profile-intensity', 'extreme', '--tuning-step', '0', '--compute-rounds', '125', '--kernel-variant', 'stress_hash', '--dispatch-repeats', '4'], 'backend': 'python_vulkan_compute', 'target_id': '0000:01:00.0', 'stdout_path': 'results/2026-08-12_16-45-20_x86_64 Multi-GPU Combined Full Validation/worker_logs/x86_combined_igpu_dgpu_gpu_3d_1.stdout.log', 'stderr_path': 'results/2026-08-12_16-45-20_x86_64 Multi-GPU Combined Full Validation/worker_logs/x86_combined_igpu_dgpu_gpu_3d_1.stderr.log', 'stdout_tail': '', 'stderr_tail': 'Traceback (most recent call last):\n  File ""/var/home/mark/Documents/Test Build 0.2.0.b-alpha [x86-64]/native/vulkan_compute_worker.py"", line 14, in <module>\n    from Modules.lvs_runtime_memory_guard import claim_runtime_allocation_growth, release_runtime_allocation_claim\nModuleNotFoundError: No module named \'Modules\''}}; {'timestamp': '2026-08-12T17:15:28.693846-04:00', 'category': 'worker_exit', 'severity': 'error', 'stage': 'x86_64 Shared iGPU plus Dedicated dGPU Vulkan Compute', 'source': 'gpu_3d', 'message': 'gpu_3d worker exited early with code 1', 'details': {'return_code': 1, 'command': ['env', 'DRI_PRIME=pci-0000_00_02_0', 'MESA_VK_DEVICE_SELECT=8086:9bc4', '/var/home/mark/Documents/Test Build 0.2.0.b-alpha [x86-64]/.venv/bin/python', 'native/vulkan_compute_worker.py', '--target-vendor', 'Intel', '--target-vendor-id', '0x8086', '--target-device-id', '0x9bc4', '--target-device-name', 'Intel(R) UHD Graphics (CML GT2)', '--target-card', 'card1', '--target-slot', '0000:00:02.0', '--target-id', '0000:00:02.0', '--physical-gpu-id', '', '--target-gpu-index', '0', '--target-vram-total', '0', '--buffer-bytes', '50331648', '--system-memory-fixed-commitment-bytes', '1048576', '--ramp-step-seconds', '15.0', '--start-load-fraction', '0.35', '--result-file', 'results/2026-08-12_16-45-20_x86_64 Multi-GPU Combined Full Validation/worker_results/x86_combined_igpu_dgpu_gpu_3d_2.json', '--device-class', 'integrated', '--profile-mode', 'steady', '--profile-intensity', 'extreme', '--tuning-step', '0', '--compute-rounds', '62', '--kernel-variant', 'stress_hash', '--dispatch-repeats', '4'], 'backend': 'python_vulkan_compute', 'target_id': '0000:00:02.0', 'stdout_path': 'results/2026-08-12_16-45-20_x86_64 Multi-GPU Combined Full Validation/worker_logs/x86_combined_igpu_dgpu_gpu_3d_2.stdout.log', 'stderr_path': 'results/2026-08-12_16-45-20_x86_64 Multi-GPU Combined Full Validation/worker_logs/x86_combined_igpu_dgpu_gpu_3d_2.stderr.log', 'stdout_tail': '', 'stderr_tail': 'Traceback (most recent call last):\n  File ""/var/home/mark/Documents/Test Build 0.2.0.b-alpha [x86-64]/native/vulkan_compute_worker.py"", line 14, in <module>\n    from Modules.lvs_runtime_memory_guard import claim_runtime_allocation_growth, release_runtime_allocation_claim\nModuleNotFoundError: No module named \'Modules\''}}",FAILED,high,yes,Vulkan worker exited at startup on Modules.lvs_runtime_memory_guard import failure; no workload progress/verification.,results/2026-08-12_16-45-20_x86_64 Multi-GPU Combined Full Validation
Intel(R) Core(TM) i7-10750H CPU @ 2.60GHz,x86_64 Multi-GPU Combined Full Validation,x86_combined_ram_all_gpu_memory,memory+vram,system RAM; GPU memory all,system RAM; GPU 0000:00:02.0; GPU 0000:01:00.0,memory:native; vram:vulkan,memory:memory_native_helper; vram:python_vulkan_compute,,,,,RAM 70% allocation/pressure; sustained GPU progress and verification,"RAM target 15.03 GiB, used median 18.9 GiB, max 18.98 GiB",RAM 70%; VRAM 70%,"RAM backend=memory_native_helper, achieved=15.03 GiB, ratio=None, verify=6989, allocation_verified=, errors=0",600,600.99,"RAM backend=memory_native_helper, achieved=15.03 GiB, ratio=None, verify=6989, allocation_verified=, errors=0; GPU status=None, iterations=, verify=, error=; GPU status=None, iterations=, verify=, error=","VRAM stage is using the suite-native Vulkan stateful-memory/readback backend; Internal GPU workers will ramp from 35% load over approximately 45s; VRAM target for 0000:00:02.0 was capped by safe mode from 16.33GB to 10.97GB; {'timestamp': '2026-08-12T17:25:30.066432-04:00', 'category': 'worker_exit', 'severity': 'error', 'stage': 'x86_64 RAM plus Shared iGPU and Dedicated dGPU Memory', 'source': 'vram', 'message': 'vram worker exited early with code 1', 'details': {'return_code': 1, 'command': ['env', 'DRI_PRIME=pci-0000_01_00_0', 'MESA_VK_DEVICE_SELECT=10de:2191', '/var/home/mark/Documents/Test Build 0.2.0.b-alpha [x86-64]/.venv/bin/python', 'native/vulkan_compute_worker.py', '--target-vendor', 'NVIDIA', '--target-vendor-id', '0x10de', '--target-device-id', '0x2191', '--target-device-name', 'NVIDIA GeForce GTX 1660 Ti', '--target-card', 'card0', '--target-slot', '0000:01:00.0', '--target-id', '0000:01:00.0', '--physical-gpu-id', '', '--target-gpu-index', '1', '--target-vram-total', '6442450944', '--buffer-bytes', '4509715660', '--system-memory-fixed-commitment-bytes', '1048576', '--ramp-step-seconds', '15.0', '--start-load-fraction', '0.35', '--result-file', 'results/2026-08-12_16-45-20_x86_64 Multi-GPU Combined Full Validation/worker_results/x86_combined_ram_all_gpu_memory_vram_1.json', '--device-class', 'discrete', '--profile-mode', 'steady', '--profile-intensity', 'extreme', '--tuning-step', '0', '--compute-rounds', '5', '--kernel-variant', 'stateful_memory', '--dispatch-repeats', '1'], 'backend': 'python_vulkan_compute', 'target_id': '0000:01:00.0', 'stdout_path': 'results/2026-08-12_16-45-20_x86_64 Multi-GPU Combined Full Validation/worker_logs/x86_combined_ram_all_gpu_memory_vram_2.stdout.log', 'stderr_path': 'results/2026-08-12_16-45-20_x86_64 Multi-GPU Combined Full Validation/worker_logs/x86_combined_ram_all_gpu_memory_vram_2.stderr.log', 'stdout_tail': '', 'stderr_tail': 'Traceback (most recent call last):\n  File ""/var/home/mark/Documents/Test Build 0.2.0.b-alpha [x86-64]/native/vulkan_compute_worker.py"", line 14, in <module>\n    from Modules.lvs_runtime_memory_guard import claim_runtime_allocation_growth, release_runtime_allocation_claim\nModuleNotFoundError: No module named \'Modules\''}}; {'timestamp': '2026-08-12T17:25:30.066621-04:00', 'category': 'worker_exit', 'severity': 'error', 'stage': 'x86_64 RAM plus Shared iGPU and Dedicated dGPU Memory', 'source': 'vram', 'message': 'vram worker exited early with code 1', 'details': {'return_code': 1, 'command': ['env', 'DRI_PRIME=pci-0000_00_02_0', 'MESA_VK_DEVICE_SELECT=8086:9bc4', '/var/home/mark/Documents/Test Build 0.2.0.b-alpha [x86-64]/.venv/bin/python', 'native/vulkan_compute_worker.py', '--target-vendor', 'Intel', '--target-vendor-id', '0x8086', '--target-device-id', '0x9bc4', '--target-device-name', 'Intel(R) UHD Graphics (CML GT2)', '--target-card', 'card1', '--target-slot', '0000:00:02.0', '--target-id', '0000:00:02.0', '--physical-gpu-id', '', '--target-gpu-index', '0', '--target-vram-total', '0', '--buffer-bytes', '12074800209', '--system-memory-fixed-commitment-bytes', '1048576', '--ramp-step-seconds', '15.0', '--start-load-fraction', '0.35', '--result-file', 'results/2026-08-12_16-45-20_x86_64 Multi-GPU Combined Full Validation/worker_results/x86_combined_ram_all_gpu_memory_vram_2.json', '--device-class', 'integrated', '--profile-mode', 'steady', '--profile-intensity', 'extreme', '--tuning-step', '0', '--compute-rounds', '3', '--kernel-variant', 'stateful_memory', '--dispatch-repeats', '1'], 'backend': 'python_vulkan_compute', 'target_id': '0000:00:02.0', 'stdout_path': 'results/2026-08-12_16-45-20_x86_64 Multi-GPU Combined Full Validation/worker_logs/x86_combined_ram_all_gpu_memory_vram_3.stdout.log', 'stderr_path': 'results/2026-08-12_16-45-20_x86_64 Multi-GPU Combined Full Validation/worker_logs/x86_combined_ram_all_gpu_memory_vram_3.stderr.log', 'stdout_tail': '', 'stderr_tail': 'Traceback (most recent call last):\n  File ""/var/home/mark/Documents/Test Build 0.2.0.b-alpha [x86-64]/native/vulkan_compute_worker.py"", line 14, in <module>\n    from Modules.lvs_runtime_memory_guard import claim_runtime_allocation_growth, release_runtime_allocation_claim\nModuleNotFoundError: No module named \'Modules\''}}","PARTIALLY EXECUTED, NOT VALIDATED",high,yes,"CPU/RAM participant ran, but required Vulkan participant failed at startup; intended concurrency was absent.",results/2026-08-12_16-45-20_x86_64 Multi-GPU Combined Full Validation
Intel(R) Core(TM) i7-10750H CPU @ 2.60GHz,x86_64 Multi-GPU Combined Full Validation,x86_combined_ram_dgpu,memory+vram,system RAM; GPU memory discrete_all,system RAM; GPU 0000:01:00.0,memory:native; vram:vulkan,memory:memory_native_helper; vram:python_vulkan_compute,,,,,RAM 80% allocation/pressure; sustained GPU progress and verification,"RAM target 24.88 GiB, used median 28.79 GiB, max 28.83 GiB",RAM 80%; VRAM 90%,"RAM backend=memory_native_helper, achieved=24.88 GiB, ratio=None, verify=4180, allocation_verified=, errors=0",600,602.2,"RAM backend=memory_native_helper, achieved=24.88 GiB, ratio=None, verify=4180, allocation_verified=, errors=0; GPU status=None, iterations=, verify=, error=","VRAM stage is using the suite-native Vulkan stateful-memory/readback backend; Internal GPU workers will ramp from 35% load over approximately 45s; {'timestamp': '2026-08-12T17:05:26.598927-04:00', 'category': 'worker_exit', 'severity': 'error', 'stage': 'x86_64 Native RAM plus Dedicated dGPU Vulkan VRAM', 'source': 'vram', 'message': 'vram worker exited early with code 1', 'details': {'return_code': 1, 'command': ['env', 'DRI_PRIME=pci-0000_01_00_0', 'MESA_VK_DEVICE_SELECT=10de:2191', '/var/home/mark/Documents/Test Build 0.2.0.b-alpha [x86-64]/.venv/bin/python', 'native/vulkan_compute_worker.py', '--target-vendor', 'NVIDIA', '--target-vendor-id', '0x10de', '--target-device-id', '0x2191', '--target-device-name', 'NVIDIA GeForce GTX 1660 Ti', '--target-card', 'card0', '--target-slot', '0000:01:00.0', '--target-id', '0000:01:00.0', '--physical-gpu-id', '', '--target-gpu-index', '1', '--target-vram-total', '6442450944', '--buffer-bytes', '5798205849', '--system-memory-fixed-commitment-bytes', '1048576', '--ramp-step-seconds', '15.0', '--start-load-fraction', '0.35', '--result-file', 'results/2026-08-12_16-45-20_x86_64 Multi-GPU Combined Full Validation/worker_results/x86_combined_ram_dgpu_vram_1.json', '--device-class', 'discrete', '--profile-mode', 'steady', '--profile-intensity', 'extreme', '--tuning-step', '0', '--compute-rounds', '5', '--kernel-variant', 'stateful_memory', '--dispatch-repeats', '1'], 'backend': 'python_vulkan_compute', 'target_id': '0000:01:00.0', 'stdout_path': 'results/2026-08-12_16-45-20_x86_64 Multi-GPU Combined Full Validation/worker_logs/x86_combined_ram_dgpu_vram_2.stdout.log', 'stderr_path': 'results/2026-08-12_16-45-20_x86_64 Multi-GPU Combined Full Validation/worker_logs/x86_combined_ram_dgpu_vram_2.stderr.log', 'stdout_tail': '', 'stderr_tail': 'Traceback (most recent call last):\n  File ""/var/home/mark/Documents/Test Build 0.2.0.b-alpha [x86-64]/native/vulkan_compute_worker.py"", line 14, in <module>\n    from Modules.lvs_runtime_memory_guard import claim_runtime_allocation_growth, release_runtime_allocation_claim\nModuleNotFoundError: No module named \'Modules\''}}","PARTIALLY EXECUTED, NOT VALIDATED",high,yes,"CPU/RAM participant ran, but required Vulkan participant failed at startup; intended concurrency was absent.",results/2026-08-12_16-45-20_x86_64 Multi-GPU Combined Full Validation
Intel(R) Core(TM) i7-10750H CPU @ 2.60GHz,x86_64 Multi-GPU Combined Full Validation,x86_combined_ram_igpu,memory+gpu_3d,system RAM; GPU integrated_all,system RAM; GPU 0000:00:02.0,memory:native; gpu_3d:vulkan_compute,memory:memory_native_helper; gpu_3d:python_vulkan_compute,,,,,RAM 70% allocation/pressure; sustained GPU progress and verification,"RAM target 15.02 GiB, used median 18.88 GiB, max 18.94 GiB",RAM 70%; GPU3D 70%,"RAM backend=memory_native_helper, achieved=15.02 GiB, ratio=None, verify=6972, allocation_verified=, errors=0",600,601.85,"RAM backend=memory_native_helper, achieved=15.02 GiB, ratio=None, verify=6972, allocation_verified=, errors=0; GPU status=None, iterations=, verify=, error=","3D stage is using the suite-native Vulkan compute/readback backend; 3D Vulkan compute variant 'stateful_memory' selected; 3D Vulkan compute variant 'stateful_memory' is experimental; hash remains the validated production path; 3D Vulkan stateful-memory allocation target is explicitly set to 70% with capacity-based safety reserves; 3D intensity 'extreme' is shaping suite-native GPU load scaling for this stage; 3D backend 'python_vulkan_compute' is curated as Vulkan / parametric / compute_readback / purpose=suite_native_gpu_stress; Internal GPU workers will ramp from 35% load over approximately 45s; {'timestamp': '2026-08-12T16:55:24.636048-04:00', 'category': 'worker_exit', 'severity': 'error', 'stage': 'x86_64 Native RAM plus Shared iGPU Stateful Memory', 'source': 'gpu_3d', 'message': 'gpu_3d worker exited early with code 1', 'details': {'return_code': 1, 'command': ['env', 'DRI_PRIME=pci-0000_00_02_0', 'MESA_VK_DEVICE_SELECT=8086:9bc4', '/var/home/mark/Documents/Test Build 0.2.0.b-alpha [x86-64]/.venv/bin/python', 'native/vulkan_compute_worker.py', '--target-vendor', 'Intel', '--target-vendor-id', '0x8086', '--target-device-id', '0x9bc4', '--target-device-name', 'Intel(R) UHD Graphics (CML GT2)', '--target-card', 'card1', '--target-slot', '0000:00:02.0', '--target-id', '0000:00:02.0', '--physical-gpu-id', '', '--target-gpu-index', '0', '--target-vram-total', '0', '--buffer-bytes', '12062941713', '--system-memory-fixed-commitment-bytes', '1048576', '--ramp-step-seconds', '15.0', '--start-load-fraction', '0.35', '--result-file', 'results/2026-08-12_16-45-20_x86_64 Multi-GPU Combined Full Validation/worker_results/x86_combined_ram_igpu_gpu_3d_1.json', '--device-class', 'integrated', '--profile-mode', 'steady', '--profile-intensity', 'extreme', '--tuning-step', '0', '--compute-rounds', '3', '--kernel-variant', 'stateful_memory', '--dispatch-repeats', '1'], 'backend': 'python_vulkan_compute', 'target_id': '0000:00:02.0', 'stdout_path': 'results/2026-08-12_16-45-20_x86_64 Multi-GPU Combined Full Validation/worker_logs/x86_combined_ram_igpu_gpu_3d_2.stdout.log', 'stderr_path': 'results/2026-08-12_16-45-20_x86_64 Multi-GPU Combined Full Validation/worker_logs/x86_combined_ram_igpu_gpu_3d_2.stderr.log', 'stdout_tail': '', 'stderr_tail': 'Traceback (most recent call last):\n  File ""/var/home/mark/Documents/Test Build 0.2.0.b-alpha [x86-64]/native/vulkan_compute_worker.py"", line 14, in <module>\n    from Modules.lvs_runtime_memory_guard import claim_runtime_allocation_growth, release_runtime_allocation_claim\nModuleNotFoundError: No module named \'Modules\''}}","PARTIALLY EXECUTED, NOT VALIDATED",high,yes,"CPU/RAM participant ran, but required Vulkan participant failed at startup; intended concurrency was absent.",results/2026-08-12_16-45-20_x86_64 Multi-GPU Combined Full Validation
Intel(R) Core(TM) i7-10750H CPU @ 2.60GHz,x86_64 NVIDIA dGPU Full Validation,nvidia_dgpu_vulkan_compute,gpu_3d,GPU discrete_all,GPU 0000:01:00.0,gpu_3d:vulkan_compute,gpu_3d:python_vulkan_compute,,,,,sustained GPU progress and verification,,,,600,600.89,"GPU status=None, iterations=, verify=, error=","3D stage is using the suite-native Vulkan compute/readback backend; 3D Vulkan compute variant 'stress_hash' selected; 3D Vulkan compute variant 'stress_hash' is experimental; hash remains the validated production path; 3D intensity 'extreme' is shaping suite-native GPU load scaling for this stage; 3D backend 'python_vulkan_compute' is curated as Vulkan / parametric / compute_readback / purpose=suite_native_gpu_stress; Internal GPU workers will ramp from 35% load over approximately 45s; {'timestamp': '2026-08-12T16:12:23.677908-04:00', 'category': 'worker_exit', 'severity': 'error', 'stage': 'NVIDIA dGPU Vulkan Compute and Readback Sustained', 'source': 'gpu_3d', 'message': 'gpu_3d worker exited early with code 1', 'details': {'return_code': 1, 'command': ['env', 'DRI_PRIME=pci-0000_01_00_0', 'MESA_VK_DEVICE_SELECT=10de:2191', '/var/home/mark/Documents/Test Build 0.2.0.b-alpha [x86-64]/.venv/bin/python', 'native/vulkan_compute_worker.py', '--target-vendor', 'NVIDIA', '--target-vendor-id', '0x10de', '--target-device-id', '0x2191', '--target-device-name', 'NVIDIA GeForce GTX 1660 Ti', '--target-card', 'card0', '--target-slot', '0000:01:00.0', '--target-id', '0000:01:00.0', '--physical-gpu-id', '', '--target-gpu-index', '1', '--target-vram-total', '6442450944', '--buffer-bytes', '228167680', '--system-memory-fixed-commitment-bytes', '1048576', '--ramp-step-seconds', '15.0', '--start-load-fraction', '0.35', '--result-file', 'results/2026-08-12_16-12-21_x86_64 NVIDIA dGPU Full Validation/worker_results/nvidia_dgpu_vulkan_compute_gpu_3d_1.json', '--device-class', 'discrete', '--profile-mode', 'steady', '--profile-intensity', 'extreme', '--tuning-step', '0', '--compute-rounds', '125', '--kernel-variant', 'stress_hash', '--dispatch-repeats', '4'], 'backend': 'python_vulkan_compute', 'target_id': '0000:01:00.0', 'stdout_path': 'results/2026-08-12_16-12-21_x86_64 NVIDIA dGPU Full Validation/worker_logs/nvidia_dgpu_vulkan_compute_gpu_3d_1.stdout.log', 'stderr_path': 'results/2026-08-12_16-12-21_x86_64 NVIDIA dGPU Full Validation/worker_logs/nvidia_dgpu_vulkan_compute_gpu_3d_1.stderr.log', 'stdout_tail': '', 'stderr_tail': 'Traceback (most recent call last):\n  File ""/var/home/mark/Documents/Test Build 0.2.0.b-alpha [x86-64]/native/vulkan_compute_worker.py"", line 14, in <module>\n    from Modules.lvs_runtime_memory_guard import claim_runtime_allocation_growth, release_runtime_allocation_claim\nModuleNotFoundError: No module named \'Modules\''}}",FAILED,high,yes,Vulkan worker exited at startup on Modules.lvs_runtime_memory_guard import failure; no workload progress/verification.,results/2026-08-12_16-12-21_x86_64 NVIDIA dGPU Full Validation
Intel(R) Core(TM) i7-10750H CPU @ 2.60GHz,x86_64 NVIDIA dGPU Full Validation,nvidia_dgpu_vulkan_stateful,gpu_3d,GPU discrete_all,GPU 0000:01:00.0,gpu_3d:vulkan_compute,gpu_3d:python_vulkan_compute,,,,,sustained GPU progress and verification,,GPU3D 90%,,600,600.75,"GPU status=None, iterations=, verify=, error=","3D stage is using the suite-native Vulkan compute/readback backend; 3D Vulkan compute variant 'stateful_memory' selected; 3D Vulkan compute variant 'stateful_memory' is experimental; hash remains the validated production path; 3D Vulkan stateful-memory allocation target is explicitly set to 90% with capacity-based safety reserves; 3D intensity 'extreme' is shaping suite-native GPU load scaling for this stage; 3D backend 'python_vulkan_compute' is curated as Vulkan / parametric / compute_readback / purpose=suite_native_gpu_stress; Internal GPU workers will ramp from 35% load over approximately 45s; {'timestamp': '2026-08-12T16:32:24.989474-04:00', 'category': 'worker_exit', 'severity': 'error', 'stage': 'NVIDIA dGPU Vulkan Stateful Dedicated Memory Sustained', 'source': 'gpu_3d', 'message': 'gpu_3d worker exited early with code 1', 'details': {'return_code': 1, 'command': ['env', 'DRI_PRIME=pci-0000_01_00_0', 'MESA_VK_DEVICE_SELECT=10de:2191', '/var/home/mark/Documents/Test Build 0.2.0.b-alpha [x86-64]/.venv/bin/python', 'native/vulkan_compute_worker.py', '--target-vendor', 'NVIDIA', '--target-vendor-id', '0x10de', '--target-device-id', '0x2191', '--target-device-name', 'NVIDIA GeForce GTX 1660 Ti', '--target-card', 'card0', '--target-slot', '0000:01:00.0', '--target-id', '0000:01:00.0', '--physical-gpu-id', '', '--target-gpu-index', '1', '--target-vram-total', '6442450944', '--buffer-bytes', '5798203392', '--system-memory-fixed-commitment-bytes', '1048576', '--ramp-step-seconds', '15.0', '--start-load-fraction', '0.35', '--result-file', 'results/2026-08-12_16-12-21_x86_64 NVIDIA dGPU Full Validation/worker_results/nvidia_dgpu_vulkan_stateful_gpu_3d_1.json', '--device-class', 'discrete', '--profile-mode', 'steady', '--profile-intensity', 'extreme', '--tuning-step', '0', '--compute-rounds', '5', '--kernel-variant', 'stateful_memory', '--dispatch-repeats', '1'], 'backend': 'python_vulkan_compute', 'target_id': '0000:01:00.0', 'stdout_path': 'results/2026-08-12_16-12-21_x86_64 NVIDIA dGPU Full Validation/worker_logs/nvidia_dgpu_vulkan_stateful_gpu_3d_1.stdout.log', 'stderr_path': 'results/2026-08-12_16-12-21_x86_64 NVIDIA dGPU Full Validation/worker_logs/nvidia_dgpu_vulkan_stateful_gpu_3d_1.stderr.log', 'stdout_tail': '', 'stderr_tail': 'Traceback (most recent call last):\n  File ""/var/home/mark/Documents/Test Build 0.2.0.b-alpha [x86-64]/native/vulkan_compute_worker.py"", line 14, in <module>\n    from Modules.lvs_runtime_memory_guard import claim_runtime_allocation_growth, release_runtime_allocation_claim\nModuleNotFoundError: No module named \'Modules\''}}",FAILED,high,yes,Vulkan worker exited at startup on Modules.lvs_runtime_memory_guard import failure; no workload progress/verification.,results/2026-08-12_16-12-21_x86_64 NVIDIA dGPU Full Validation
Intel(R) Core(TM) i7-10750H CPU @ 2.60GHz,x86_64 NVIDIA dGPU Full Validation,nvidia_dgpu_vulkan_transfer,gpu_3d,GPU discrete_all,GPU 0000:01:00.0,gpu_3d:vulkan,gpu_3d:python_vulkan_transfer,,,,,sustained GPU progress and verification,,,,600,600.37,"GPU status=None, iterations=, verify=, error=","3D stage is using the suite-native Vulkan transfer/readback backend; Vulkan transfer/readback validates Vulkan routing and memory movement; it is not yet a shader or ray-tracing saturation workload; 3D intensity 'extreme' is shaping suite-native GPU load scaling for this stage; 3D backend 'python_vulkan_transfer' is curated as Vulkan / parametric / transfer_readback / purpose=transfer_diagnostic; Internal GPU workers will ramp from 35% load over approximately 45s; {'timestamp': '2026-08-12T16:22:24.600452-04:00', 'category': 'worker_exit', 'severity': 'error', 'stage': 'NVIDIA dGPU Vulkan Transfer and Readback Sustained', 'source': 'gpu_3d', 'message': 'gpu_3d worker exited early with code 1', 'details': {'return_code': 1, 'command': ['env', 'DRI_PRIME=pci-0000_01_00_0', 'MESA_VK_DEVICE_SELECT=10de:2191', '/var/home/mark/Documents/Test Build 0.2.0.b-alpha [x86-64]/.venv/bin/python', 'native/vulkan_transfer_worker.py', '--target-vendor', 'NVIDIA', '--target-vendor-id', '0x10de', '--target-device-id', '0x2191', '--target-device-name', 'NVIDIA GeForce GTX 1660 Ti', '--target-card', 'card0', '--target-slot', '0000:01:00.0', '--target-id', '0000:01:00.0', '--physical-gpu-id', '', '--target-gpu-index', '1', '--target-vram-total', '6442450944', '--buffer-bytes', '171126784', '--ramp-step-seconds', '15.0', '--start-load-fraction', '0.35', '--result-file', 'results/2026-08-12_16-12-21_x86_64 NVIDIA dGPU Full Validation/worker_results/nvidia_dgpu_vulkan_transfer_gpu_3d_1.json', '--device-class', 'discrete', '--profile-mode', 'steady', '--profile-intensity', 'extreme', '--tuning-step', '0'], 'backend': 'python_vulkan_transfer', 'target_id': '0000:01:00.0', 'stdout_path': 'results/2026-08-12_16-12-21_x86_64 NVIDIA dGPU Full Validation/worker_logs/nvidia_dgpu_vulkan_transfer_gpu_3d_1.stdout.log', 'stderr_path': 'results/2026-08-12_16-12-21_x86_64 NVIDIA dGPU Full Validation/worker_logs/nvidia_dgpu_vulkan_transfer_gpu_3d_1.stderr.log', 'stdout_tail': '', 'stderr_tail': 'Traceback (most recent call last):\n  File ""/var/home/mark/Documents/Test Build 0.2.0.b-alpha [x86-64]/native/vulkan_transfer_worker.py"", line 15, in <module>\n    from Modules.lvs_runtime_memory_guard import claim_runtime_allocation_growth, release_runtime_allocation_claim\nModuleNotFoundError: No module named \'Modules\''}}; {'timestamp': '2026-08-12T16:32:24.621213-04:00', 'category': 'gpu_backend_effectiveness', 'severity': 'info', 'stage': 'NVIDIA dGPU Vulkan Transfer and Readback Sustained', 'source': 'gpu_1_busy_percent', 'message': 'target GPU 0000:01:00.0 used diagnostic backend(s) python_vulkan_transfer; treat this as API routing/transfer validation, not a saturation result', 'details': {'gpu_index': 1, 'target_id': '0000:01:00.0', 'workloads': ['gpu_3d'], 'backends': ['python_vulkan_transfer'], 'load_classes': ['diagnostic'], 'metric': 'gpu_1_busy_percent', 'max_busy_percent': None, 'avg_busy_percent': None, 'max_power_w': None, 'avg_power_w': None, 'max_memory_busy_percent': None, 'avg_memory_busy_percent': None, 'backend_preference_3d': 'vulkan', 'backend_resolved_3d': 'python_vulkan_transfer', 'device_class': '', 'diagnostic_backend': True, 'saturation_result': False}}",FAILED,high,yes,Vulkan worker exited at startup on Modules.lvs_runtime_memory_guard import failure; no workload progress/verification.,results/2026-08-12_16-12-21_x86_64 NVIDIA dGPU Full Validation
Intel(R) Core(TM) i9-14900,x86_64 CPU Full Validation,x86_cpu_native_avx,cpu,"CPU [0, 1, 2, 3, 4, 5, 6, 7, 8, 9, 10, 11, 12, 13, 14, 15, 16, 17, 18, 19, 20, 21, 22, 23, 24, 25, 26, 27, 28, 29, 30, 31]","CPU [0, 1, 2, 3, 4, 5, 6, 7, 8, 9, 10, 11, 12, 13, 14, 15, 16, 17, 18, 19, 20, 21, 22, 23, 24, 25, 26, 27, 28, 29, 30, 31]",cpu:native,cpu:cpu_native_helper,32,32,avx,avx_fma,target-CPU saturation,"CPU median 100.0%, p10 100.0%, lowest logical median 100.0%",,,600,600.73,"CPU verify=13314925, canary=13314925, errors=0","CPU stage is using the native helper backend (avx, kernel avx_fma)",VALIDATED,high,no,"Correct target/backend, sustained duration/load or pressure, durable progress/integrity evidence, truthful verdict.",results/2026-08-12_11-40-35_x86_64 CPU Full Validation
Intel(R) Core(TM) i9-14900,x86_64 CPU Full Validation,x86_cpu_native_avx2,cpu,"CPU [0, 1, 2, 3, 4, 5, 6, 7, 8, 9, 10, 11, 12, 13, 14, 15, 16, 17, 18, 19, 20, 21, 22, 23, 24, 25, 26, 27, 28, 29, 30, 31]","CPU [0, 1, 2, 3, 4, 5, 6, 7, 8, 9, 10, 11, 12, 13, 14, 15, 16, 17, 18, 19, 20, 21, 22, 23, 24, 25, 26, 27, 28, 29, 30, 31]",cpu:native,cpu:cpu_native_helper,32,32,avx2,avx2_fma,target-CPU saturation,"CPU median 100.0%, p10 100.0%, lowest logical median 100.0%",,,600,601.06,"CPU verify=13319244, canary=13319244, errors=0","CPU stage is using the native helper backend (avx2, kernel avx2_fma)",VALIDATED,high,no,"Correct target/backend, sustained duration/load or pressure, durable progress/integrity evidence, truthful verdict.",results/2026-08-12_11-40-35_x86_64 CPU Full Validation
Intel(R) Core(TM) i9-14900,x86_64 CPU Full Validation,x86_cpu_native_scalar,cpu,"CPU [0, 1, 2, 3, 4, 5, 6, 7, 8, 9, 10, 11, 12, 13, 14, 15, 16, 17, 18, 19, 20, 21, 22, 23, 24, 25, 26, 27, 28, 29, 30, 31]","CPU [0, 1, 2, 3, 4, 5, 6, 7, 8, 9, 10, 11, 12, 13, 14, 15, 16, 17, 18, 19, 20, 21, 22, 23, 24, 25, 26, 27, 28, 29, 30, 31]",cpu:native,cpu:cpu_native_helper,32,32,scalar,scalar,target-CPU saturation,"CPU median 100.0%, p10 100.0%, lowest logical median 100.0%",,,600,600.59,"CPU verify=3938620, canary=3938620, errors=0","CPU stage is using the native helper backend (scalar, kernel scalar)",VALIDATED,high,no,"Correct target/backend, sustained duration/load or pressure, durable progress/integrity evidence, truthful verdict.",results/2026-08-12_11-40-35_x86_64 CPU Full Validation
Intel(R) Core(TM) i9-14900,x86_64 CPU Full Validation,x86_cpu_native_sse,cpu,"CPU [0, 1, 2, 3, 4, 5, 6, 7, 8, 9, 10, 11, 12, 13, 14, 15, 16, 17, 18, 19, 20, 21, 22, 23, 24, 25, 26, 27, 28, 29, 30, 31]","CPU [0, 1, 2, 3, 4, 5, 6, 7, 8, 9, 10, 11, 12, 13, 14, 15, 16, 17, 18, 19, 20, 21, 22, 23, 24, 25, 26, 27, 28, 29, 30, 31]",cpu:native,cpu:cpu_native_helper,32,32,sse,sse2,target-CPU saturation,"CPU median 100.0%, p10 100.0%, lowest logical median 100.0%",,,600,600.12,"CPU verify=13571082, canary=13571082, errors=0","CPU stage is using the native helper backend (sse, kernel sse2)",VALIDATED,high,no,"Correct target/backend, sustained duration/load or pressure, durable progress/integrity evidence, truthful verdict.",results/2026-08-12_11-40-35_x86_64 CPU Full Validation
Intel(R) Core(TM) i9-14900,x86_64 CPU Full Validation,x86_cpu_python,cpu,"CPU [0, 1, 2, 3, 4, 5, 6, 7, 8, 9, 10, 11, 12, 13, 14, 15, 16, 17, 18, 19, 20, 21, 22, 23, 24, 25, 26, 27, 28, 29, 30, 31]","CPU [0, 1, 2, 3, 4, 5, 6, 7, 8, 9, 10, 11, 12, 13, 14, 15, 16, 17, 18, 19, 20, 21, 22, 23, 24, 25, 26, 27, 28, 29, 30, 31]",cpu:python_fallback,cpu:python_fallback,32,32,auto,,target-CPU saturation,"CPU median 100.0%, p10 100.0%, lowest logical median 100.0%",,,600,600.35,"CPU verify=, canary=, errors=0",CPU stage is using Python fallback; load strength is approximate,UNPROVEN DUE TO INSUFFICIENT EVIDENCE,high,yes,"All workers were pinned, saturated their targets, and made PBKDF2 progress, but the saved worker did not verify computed results.",results/2026-08-12_11-40-35_x86_64 CPU Full Validation
Intel(R) Core(TM) i9-14900,x86_64 CPU Full Validation,x86_cpu_stress_ng,cpu,"CPU [0, 1, 2, 3, 4, 5, 6, 7, 8, 9, 10, 11, 12, 13, 14, 15, 16, 17, 18, 19, 20, 21, 22, 23, 24, 25, 26, 27, 28, 29, 30, 31]","CPU [0, 1, 2, 3, 4, 5, 6, 7, 8, 9, 10, 11, 12, 13, 14, 15, 16, 17, 18, 19, 20, 21, 22, 23, 24, 25, 26, 27, 28, 29, 30, 31]",cpu:stress_ng,cpu:stress_ng,32,None,auto,,target-CPU saturation,"CPU median 100.0%, p10 99.4%, lowest logical median 100.0%",,,600,600.21,"CPU verify=, canary=, errors=0",CPU stage is using stress-ng,UNPROVEN DUE TO INSUFFICIENT EVIDENCE,high,yes,"All intended CPUs were saturated and bogo progress was positive, but the command did not enable stress-ng verification.",results/2026-08-12_11-40-35_x86_64 CPU Full Validation
Intel(R) Core(TM) i9-14900,x86_64 CPU Targeting Functional,x86_target_native_auto,cpu,"CPU [0, 1, 2, 3, 4, 5, 6, 7, 8, 9, 10, 11, 12, 13, 14, 15, 16, 17, 18, 19, 20, 21, 22, 23, 24, 25, 26, 27, 28, 29, 30, 31]","CPU [0, 1, 2, 3, 4, 5, 6, 7, 8, 9, 10, 11, 12, 13, 14, 15, 16, 17, 18, 19, 20, 21, 22, 23, 24, 25, 26, 27, 28, 29, 30, 31]",cpu:native,cpu:cpu_native_helper,32,32,auto,avx_fma,target-CPU saturation,"CPU median 100.0%, p10 100.0%, lowest logical median 100.0%",,,90,90.11,"CPU verify=2110898, canary=2110898, errors=0","CPU stage is using the native helper backend (auto, kernel avx2_fma); CPU stage will auto-tune at runtime for maximum package power; the executed mode/kernel may differ from the dry-run preview",VALIDATED,high,no,"Correct target/backend, sustained duration/load or pressure, durable progress/integrity evidence, truthful verdict.",results/2026-08-12_11-35-22_x86_64 CPU Targeting Functional
Intel(R) Core(TM) i9-14900,x86_64 CPU Targeting Functional,x86_target_python,cpu,"CPU [0, 1, 2, 3, 4, 5, 6, 7, 8, 9, 10, 11, 12, 13, 14, 15, 16, 17, 18, 19, 20, 21, 22, 23, 24, 25, 26, 27, 28, 29, 30, 31]","CPU [0, 1, 2, 3, 4, 5, 6, 7, 8, 9, 10, 11, 12, 13, 14, 15, 16, 17, 18, 19, 20, 21, 22, 23, 24, 25, 26, 27, 28, 29, 30, 31]",cpu:python_fallback,cpu:python_fallback,32,32,auto,,target-CPU saturation,"CPU median 100.0%, p10 100.0%, lowest logical median 100.0%",,,90,91.3,"CPU verify=, canary=, errors=0",CPU stage is using Python fallback; load strength is approximate,UNPROVEN DUE TO INSUFFICIENT EVIDENCE,high,yes,"All workers were pinned, saturated their targets, and made PBKDF2 progress, but the saved worker did not verify computed results.",results/2026-08-12_11-35-22_x86_64 CPU Targeting Functional
Intel(R) Core(TM) i9-14900,x86_64 CPU Targeting Functional,x86_target_stress_ng,cpu,"CPU [0, 1, 2, 3, 4, 5, 6, 7, 8, 9, 10, 11, 12, 13, 14, 15, 16, 17, 18, 19, 20, 21, 22, 23, 24, 25, 26, 27, 28, 29, 30, 31]","CPU [0, 1, 2, 3, 4, 5, 6, 7, 8, 9, 10, 11, 12, 13, 14, 15, 16, 17, 18, 19, 20, 21, 22, 23, 24, 25, 26, 27, 28, 29, 30, 31]",cpu:stress_ng,cpu:stress_ng,32,None,auto,,target-CPU saturation,"CPU median 100.0%, p10 100.0%, lowest logical median 100.0%",,,90,90.79,"CPU verify=, canary=, errors=0",CPU stage is using stress-ng,UNPROVEN DUE TO INSUFFICIENT EVIDENCE,high,yes,"All intended CPUs were saturated and bogo progress was positive, but the command did not enable stress-ng verification.",results/2026-08-12_11-35-22_x86_64 CPU Targeting Functional
Intel(R) Core(TM) i9-14900,x86_64 Intel iGPU Full Validation,intel_igpu_vulkan_compute,gpu_3d,GPU integrated_all,GPU 0000:00:02.0,gpu_3d:vulkan_compute,gpu_3d:python_vulkan_compute,,,,,sustained GPU progress and verification,,,,600,600.92,"GPU status=None, iterations=, verify=, error=","3D stage is using the suite-native Vulkan compute/readback backend; 3D Vulkan compute variant 'stress_hash' selected; 3D Vulkan compute variant 'stress_hash' is experimental; hash remains the validated production path; 3D intensity 'extreme' is shaping suite-native GPU load scaling for this stage; 3D backend 'python_vulkan_compute' is curated as Vulkan / parametric / compute_readback / purpose=suite_native_gpu_stress; Internal GPU workers will ramp from 35% load over approximately 45s; {'timestamp': '2026-08-12T14:06:08.747668-04:00', 'category': 'worker_exit', 'severity': 'error', 'stage': 'Intel iGPU Vulkan Compute and Readback Sustained', 'source': 'gpu_3d', 'message': 'gpu_3d worker exited early with code 1', 'details': {'return_code': 1, 'command': ['env', 'DRI_PRIME=pci-0000_00_02_0', 'MESA_VK_DEVICE_SELECT=8086:a780', '/var/home/empc/Documents/Test Build 0.2.0.b-alpha [x86-64]/.venv/bin/python', 'native/vulkan_compute_worker.py', '--target-vendor', 'Intel', '--target-vendor-id', '0x8086', '--target-device-id', '0xa780', '--target-device-name', 'Intel(R) Graphics (RPL-S)', '--target-card', 'card1', '--target-slot', '0000:00:02.0', '--target-id', '0000:00:02.0', '--physical-gpu-id', '', '--target-gpu-index', '0', '--target-vram-total', '0', '--buffer-bytes', '75829248', '--system-memory-fixed-commitment-bytes', '1048576', '--ramp-step-seconds', '15.0', '--start-load-fraction', '0.35', '--result-file', 'results/2026-08-12_14-06-07_x86_64 Intel iGPU Full Validation/worker_results/intel_igpu_vulkan_compute_gpu_3d_1.json', '--device-class', 'integrated', '--profile-mode', 'steady', '--profile-intensity', 'extreme', '--tuning-step', '0', '--compute-rounds', '94', '--kernel-variant', 'stress_hash', '--dispatch-repeats', '4'], 'backend': 'python_vulkan_compute', 'target_id': '0000:00:02.0', 'stdout_path': 'results/2026-08-12_14-06-07_x86_64 Intel iGPU Full Validation/worker_logs/intel_igpu_vulkan_compute_gpu_3d_1.stdout.log', 'stderr_path': 'results/2026-08-12_14-06-07_x86_64 Intel iGPU Full Validation/worker_logs/intel_igpu_vulkan_compute_gpu_3d_1.stderr.log', 'stdout_tail': '', 'stderr_tail': 'Traceback (most recent call last):\n  File ""/var/home/empc/Documents/Test Build 0.2.0.b-alpha [x86-64]/native/vulkan_compute_worker.py"", line 14, in <module>\n    from Modules.lvs_runtime_memory_guard import claim_runtime_allocation_growth, release_runtime_allocation_claim\nModuleNotFoundError: No module named \'Modules\''}}",FAILED,high,yes,Vulkan worker exited at startup on Modules.lvs_runtime_memory_guard import failure; no workload progress/verification.,results/2026-08-12_14-06-07_x86_64 Intel iGPU Full Validation
Intel(R) Core(TM) i9-14900,x86_64 Intel iGPU Full Validation,intel_igpu_vulkan_stateful,gpu_3d,GPU integrated_all,GPU 0000:00:02.0,gpu_3d:vulkan_compute,gpu_3d:python_vulkan_compute,,,,,sustained GPU progress and verification,,GPU3D 80%,,600,600.72,"GPU status=None, iterations=, verify=, error=","3D stage is using the suite-native Vulkan compute/readback backend; 3D Vulkan compute variant 'stateful_memory' selected; 3D Vulkan compute variant 'stateful_memory' is experimental; hash remains the validated production path; 3D Vulkan stateful-memory allocation target is explicitly set to 80% with capacity-based safety reserves; 3D intensity 'extreme' is shaping suite-native GPU load scaling for this stage; 3D backend 'python_vulkan_compute' is curated as Vulkan / parametric / compute_readback / purpose=suite_native_gpu_stress; Internal GPU workers will ramp from 35% load over approximately 45s; {'timestamp': '2026-08-12T14:26:10.737037-04:00', 'category': 'worker_exit', 'severity': 'error', 'stage': 'Intel iGPU Vulkan Stateful Shared Memory Sustained', 'source': 'gpu_3d', 'message': 'gpu_3d worker exited early with code 1', 'details': {'return_code': 1, 'command': ['env', 'DRI_PRIME=pci-0000_00_02_0', 'MESA_VK_DEVICE_SELECT=8086:a780', '/var/home/empc/Documents/Test Build 0.2.0.b-alpha [x86-64]/.venv/bin/python', 'native/vulkan_compute_worker.py', '--target-vendor', 'Intel', '--target-vendor-id', '0x8086', '--target-device-id', '0xa780', '--target-device-name', 'Intel(R) Graphics (RPL-S)', '--target-card', 'card1', '--target-slot', '0000:00:02.0', '--target-id', '0000:00:02.0', '--physical-gpu-id', '', '--target-gpu-index', '0', '--target-vram-total', '0', '--buffer-bytes', '40212148224', '--system-memory-fixed-commitment-bytes', '1048576', '--ramp-step-seconds', '15.0', '--start-load-fraction', '0.35', '--result-file', 'results/2026-08-12_14-06-07_x86_64 Intel iGPU Full Validation/worker_results/intel_igpu_vulkan_stateful_gpu_3d_1.json', '--device-class', 'integrated', '--profile-mode', 'steady', '--profile-intensity', 'extreme', '--tuning-step', '0', '--compute-rounds', '5', '--kernel-variant', 'stateful_memory', '--dispatch-repeats', '1'], 'backend': 'python_vulkan_compute', 'target_id': '0000:00:02.0', 'stdout_path': 'results/2026-08-12_14-06-07_x86_64 Intel iGPU Full Validation/worker_logs/intel_igpu_vulkan_stateful_gpu_3d_1.stdout.log', 'stderr_path': 'results/2026-08-12_14-06-07_x86_64 Intel iGPU Full Validation/worker_logs/intel_igpu_vulkan_stateful_gpu_3d_1.stderr.log', 'stdout_tail': '', 'stderr_tail': 'Traceback (most recent call last):\n  File ""/var/home/empc/Documents/Test Build 0.2.0.b-alpha [x86-64]/native/vulkan_compute_worker.py"", line 14, in <module>\n    from Modules.lvs_runtime_memory_guard import claim_runtime_allocation_growth, release_runtime_allocation_claim\nModuleNotFoundError: No module named \'Modules\''}}",FAILED,high,yes,Vulkan worker exited at startup on Modules.lvs_runtime_memory_guard import failure; no workload progress/verification.,results/2026-08-12_14-06-07_x86_64 Intel iGPU Full Validation
Intel(R) Core(TM) i9-14900,x86_64 Intel iGPU Full Validation,intel_igpu_vulkan_transfer,gpu_3d,GPU integrated_all,GPU 0000:00:02.0,gpu_3d:vulkan,gpu_3d:python_vulkan_transfer,,,,,sustained GPU progress and verification,,,,600,600.92,"GPU status=None, iterations=, verify=, error=","3D stage is using the suite-native Vulkan transfer/readback backend; Vulkan transfer/readback validates Vulkan routing and memory movement; it is not yet a shader or ray-tracing saturation workload; 3D intensity 'extreme' is shaping suite-native GPU load scaling for this stage; 3D backend 'python_vulkan_transfer' is curated as Vulkan / parametric / transfer_readback / purpose=transfer_diagnostic; Internal GPU workers will ramp from 35% load over approximately 45s; {'timestamp': '2026-08-12T14:16:09.751473-04:00', 'category': 'worker_exit', 'severity': 'error', 'stage': 'Intel iGPU Vulkan Transfer and Readback Sustained', 'source': 'gpu_3d', 'message': 'gpu_3d worker exited early with code 1', 'details': {'return_code': 1, 'command': ['env', 'DRI_PRIME=pci-0000_00_02_0', 'MESA_VK_DEVICE_SELECT=8086:a780', '/var/home/empc/Documents/Test Build 0.2.0.b-alpha [x86-64]/.venv/bin/python', 'native/vulkan_transfer_worker.py', '--target-vendor', 'Intel', '--target-vendor-id', '0x8086', '--target-device-id', '0xa780', '--target-device-name', 'Intel(R) Graphics (RPL-S)', '--target-card', 'card1', '--target-slot', '0000:00:02.0', '--target-id', '0000:00:02.0', '--physical-gpu-id', '', '--target-gpu-index', '0', '--target-vram-total', '0', '--buffer-bytes', '75829248', '--ramp-step-seconds', '15.0', '--start-load-fraction', '0.35', '--result-file', 'results/2026-08-12_14-06-07_x86_64 Intel iGPU Full Validation/worker_results/intel_igpu_vulkan_transfer_gpu_3d_1.json', '--device-class', 'integrated', '--profile-mode', 'steady', '--profile-intensity', 'extreme', '--tuning-step', '0'], 'backend': 'python_vulkan_transfer', 'target_id': '0000:00:02.0', 'stdout_path': 'results/2026-08-12_14-06-07_x86_64 Intel iGPU Full Validation/worker_logs/intel_igpu_vulkan_transfer_gpu_3d_1.stdout.log', 'stderr_path': 'results/2026-08-12_14-06-07_x86_64 Intel iGPU Full Validation/worker_logs/intel_igpu_vulkan_transfer_gpu_3d_1.stderr.log', 'stdout_tail': '', 'stderr_tail': 'Traceback (most recent call last):\n  File ""/var/home/empc/Documents/Test Build 0.2.0.b-alpha [x86-64]/native/vulkan_transfer_worker.py"", line 15, in <module>\n    from Modules.lvs_runtime_memory_guard import claim_runtime_allocation_growth, release_runtime_allocation_claim\nModuleNotFoundError: No module named \'Modules\''}}; {'timestamp': '2026-08-12T14:26:10.329192-04:00', 'category': 'gpu_backend_effectiveness', 'severity': 'info', 'stage': 'Intel iGPU Vulkan Transfer and Readback Sustained', 'source': 'gpu_0_busy_percent', 'message': 'target GPU 0000:00:02.0 used diagnostic backend(s) python_vulkan_transfer; treat this as API routing/transfer validation, not a saturation result', 'details': {'gpu_index': 0, 'target_id': '0000:00:02.0', 'workloads': ['gpu_3d'], 'backends': ['python_vulkan_transfer'], 'load_classes': ['diagnostic'], 'metric': 'gpu_0_busy_percent', 'max_busy_percent': 0.0, 'avg_busy_percent': 0.0, 'max_power_w': 14.66, 'avg_power_w': 10.65, 'max_memory_busy_percent': 2.0, 'avg_memory_busy_percent': 0.03, 'backend_preference_3d': 'vulkan', 'backend_resolved_3d': 'python_vulkan_transfer', 'device_class': '', 'diagnostic_backend': True, 'saturation_result': False}}",FAILED,high,yes,Vulkan worker exited at startup on Modules.lvs_runtime_memory_guard import failure; no workload progress/verification.,results/2026-08-12_14-06-07_x86_64 Intel iGPU Full Validation
Intel(R) Core(TM) i9-14900,x86_64 Memory Full Validation,x86_memory_native,memory,system RAM,system RAM,memory:native,memory:memory_native_helper,,,,,RAM 80% allocation/pressure,"RAM target 49.93 GiB, used median 56.27 GiB, max 56.34 GiB",RAM 80%,"RAM backend=memory_native_helper, achieved=49.93 GiB, ratio=None, verify=13463, allocation_verified=, errors=0",600,601.36,"RAM backend=memory_native_helper, achieved=49.93 GiB, ratio=None, verify=13463, allocation_verified=, errors=0",,VALIDATED,high,no,"Correct target/backend, sustained duration/load or pressure, durable progress/integrity evidence, truthful verdict.",results/2026-08-12_12-49-24_x86_64 Memory Full Validation
Intel(R) Core(TM) i9-14900,x86_64 Memory Full Validation,x86_memory_python,memory,system RAM,system RAM,memory:python_fallback,memory:python_fallback,,,,,RAM 80% allocation/pressure,"RAM target 6.42 GiB, used median 12.67 GiB, max 12.74 GiB",RAM 80%,"RAM backend=python_fallback, achieved=6.42 GiB, ratio=1.0, verify=, allocation_verified=False, errors=0",600,600.37,"RAM backend=python_fallback, achieved=6.42 GiB, ratio=1.0, verify=, allocation_verified=False, errors=0",Memory stage is using Python fallback; behavior is approximate,UNPROVEN DUE TO INSUFFICIENT EVIDENCE,high,yes,"Allocation retained, but allocation_verified=false and worker performs no ongoing integrity cycle; some systems were materially capped.",results/2026-08-12_12-49-24_x86_64 Memory Full Validation
Intel(R) Core(TM) i9-14900,x86_64 Memory Full Validation,x86_memory_stress_ng,memory,system RAM,system RAM,memory:stress_ng,memory:stress_ng,,,,,RAM 80% allocation/pressure,"RAM target 49.93 GiB, used median 56.27 GiB, max 56.33 GiB",RAM 80%,,600,605.38,,,UNPROVEN DUE TO INSUFFICIENT EVIDENCE,high,yes,"Pressure sustained, but command/result lacks durable bogo/progress and explicit verification evidence.",results/2026-08-12_12-49-24_x86_64 Memory Full Validation
Intel(R) Core(TM) i9-14900,x86_64 Multi-GPU Combined Full Validation,x86_combined_cpu_ram,cpu+memory,"CPU [0, 1, 2, 3, 4, 5, 6, 7, 8, 9, 10, 11, 12, 13, 14, 15, 16, 17, 18, 19, 20, 21, 22, 23, 24, 25, 26, 27, 28, 29, 30, 31]; system RAM","CPU [0, 1, 2, 3, 4, 5, 6, 7, 8, 9, 10, 11, 12, 13, 14, 15, 16, 17, 18, 19, 20, 21, 22, 23, 24, 25, 26, 27, 28, 29, 30, 31]; system RAM",cpu:native; memory:native,cpu:cpu_native_helper; memory:memory_native_helper,32,32,auto,avx_fma,target-CPU saturation; RAM 80% allocation/pressure,"CPU median 100.0%, p10 100.0%, lowest logical median 100.0%; RAM target 49.93 GiB, used median 56.38 GiB, max 56.4 GiB",RAM 80%,"RAM backend=memory_native_helper, achieved=49.93 GiB, ratio=None, verify=8092, allocation_verified=, errors=0",600,602.55,"CPU verify=5919436, canary=5919436, errors=0; RAM backend=memory_native_helper, achieved=49.93 GiB, ratio=None, verify=8092, allocation_verified=, errors=0","CPU stage is using the native helper backend (auto, kernel avx2_fma); CPU stage will auto-tune at runtime for maximum package power; the executed mode/kernel may differ from the dry-run preview",VALIDATED,high,no,"Correct target/backend, sustained duration/load or pressure, durable progress/integrity evidence, truthful verdict.",results/2026-08-13_09-08-02_x86_64 Multi-GPU Combined Full Validation
Intel(R) Core(TM) i9-14900,x86_64 Multi-GPU Combined Full Validation,x86_combined_full,cpu+memory+gpu_3d+vram,"CPU [0, 1, 2, 3, 4, 5, 6, 7, 8, 9, 10, 11, 12, 13, 14, 15, 16, 17, 18, 19, 20, 21, 22, 23, 24, 25, 26, 27, 28, 29, 30, 31]; system RAM; GPU all; GPU memory all","CPU [0, 1, 2, 3, 4, 5, 6, 7, 8, 9, 10, 11, 12, 13, 14, 15, 16, 17, 18, 19, 20, 21, 22, 23, 24, 25, 26, 27, 28, 29, 30, 31]; system RAM; GPU 0000:00:02.0; GPU 0000:02:00.0",cpu:native; memory:native; gpu_3d:vulkan_compute; vram:vulkan,cpu:cpu_native_helper; memory:memory_native_helper; gpu_3d:python_vulkan_compute; vram:python_vulkan_compute,32,32,auto,avx_fma,target-CPU saturation; RAM 70% allocation/pressure; sustained GPU progress and verification,"CPU median 100.0%, p10 100.0%, lowest logical median 100.0%; RAM target 31.56 GiB, used median 37.85 GiB, max 37.94 GiB",RAM 70%; VRAM 70%,"RAM backend=memory_native_helper, achieved=31.56 GiB, ratio=None, verify=12680, allocation_verified=, errors=0",600,601.81,"CPU verify=5858200, canary=5858200, errors=0; RAM backend=memory_native_helper, achieved=31.56 GiB, ratio=None, verify=12680, allocation_verified=, errors=0; GPU status=None, iterations=, verify=, error=; GPU status=None, iterations=, verify=, error=","CPU stage is using the native helper backend (auto, kernel avx2_fma); CPU stage will auto-tune at runtime for maximum package power; the executed mode/kernel may differ from the dry-run preview; 3D stage is using the suite-native Vulkan compute/readback backend; 3D Vulkan compute variant 'stress_hash' selected; 3D Vulkan compute variant 'stress_hash' is experimental; hash remains the validated production path; 3D intensity 'extreme' is shaping suite-native GPU load scaling for this stage; Mixed-stage Vulkan VRAM workers are fused GPU+VRAM stateful-memory workers on 0000:00:02.0, 0000:02:00.0; separate same-target Vulkan 3D workers are not launched to avoid doubling Vulkan worker pressure; 3D backend 'python_vulkan_compute' is curated as Vulkan / parametric / compute_readback / purpose=suite_native_gpu_stress; VRAM stage is using the suite-native Vulkan stateful-memory/readback backend; Internal GPU workers will ramp from 35% load over approximately 45s; VRAM target for 0000:00:02.0 was capped by safe mode from 32.77GB to 23.46GB; {'timestamp': '2026-08-13T09:58:14.073887-04:00', 'category': 'worker_exit', 'severity': 'error', 'stage': 'x86_64 Full CPU RAM Shared iGPU and Dedicated dGPU Pressure', 'source': 'vram', 'message': 'vram worker exited early with code 1', 'details': {'return_code': 1, 'command': ['env', 'DRI_PRIME=pci-0000_02_00_0', 'MESA_VK_DEVICE_SELECT=10de:2b85', '/var/home/empc/Documents/Test Build 0.2.0.b-alpha [x86-64]/.venv/bin/python', 'native/vulkan_compute_worker.py', '--target-vendor', 'NVIDIA', '--target-vendor-id', '0x10de', '--target-device-id', '0x2b85', '--target-device-name', 'NVIDIA GeForce RTX 5090', '--target-card', 'card0', '--target-slot', '0000:02:00.0', '--target-id', '0000:02:00.0', '--physical-gpu-id', '', '--target-gpu-index', '1', '--target-vram-total', '34190917632', '--buffer-bytes', '23933642342', '--system-memory-fixed-commitment-bytes', '1048576', '--ramp-step-seconds', '15.0', '--start-load-fraction', '0.35', '--result-file', 'results/2026-08-13_09-08-02_x86_64 Multi-GPU Combined Full Validation/worker_results/x86_combined_full_vram_1.json', '--device-class', 'discrete', '--profile-mode', 'steady', '--profile-intensity', 'extreme', '--tuning-step', '0', '--compute-rounds', '7', '--kernel-variant', 'stateful_memory', '--dispatch-repeats', '1'], 'backend': 'python_vulkan_compute', 'target_id': '0000:02:00.0', 'stdout_path': 'results/2026-08-13_09-08-02_x86_64 Multi-GPU Combined Full Validation/worker_logs/x86_combined_full_vram_3.stdout.log', 'stderr_path': 'results/2026-08-13_09-08-02_x86_64 Multi-GPU Combined Full Validation/worker_logs/x86_combined_full_vram_3.stderr.log', 'stdout_tail': '', 'stderr_tail': 'Traceback (most recent call last):\n  File ""/var/home/empc/Documents/Test Build 0.2.0.b-alpha [x86-64]/native/vulkan_compute_worker.py"", line 14, in <module>\n    from Modules.lvs_runtime_memory_guard import claim_runtime_allocation_growth, release_runtime_allocation_claim\nModuleNotFoundError: No module named \'Modules\''}}; {'timestamp': '2026-08-13T09:58:14.074004-04:00', 'category': 'worker_exit', 'severity': 'error', 'stage': 'x86_64 Full CPU RAM Shared iGPU and Dedicated dGPU Pressure', 'source': 'vram', 'message': 'vram worker exited early with code 1', 'details': {'return_code': 1, 'command': ['env', 'DRI_PRIME=pci-0000_00_02_0', 'MESA_VK_DEVICE_SELECT=8086:a780', '/var/home/empc/Documents/Test Build 0.2.0.b-alpha [x86-64]/.venv/bin/python', 'native/vulkan_compute_worker.py', '--target-vendor', 'Intel', '--target-vendor-id', '0x8086', '--target-device-id', '0xa780', '--target-device-name', 'Intel(R) Graphics (RPL-S)', '--target-card', 'card1', '--target-slot', '0000:00:02.0', '--target-id', '0000:00:02.0', '--physical-gpu-id', '', '--target-gpu-index', '0', '--target-vram-total', '0', '--buffer-bytes', '25390615722', '--system-memory-fixed-commitment-bytes', '1048576', '--ramp-step-seconds', '15.0', '--start-load-fraction', '0.35', '--result-file', 'results/2026-08-13_09-08-02_x86_64 Multi-GPU Combined Full Validation/worker_results/x86_combined_full_vram_2.json', '--device-class', 'integrated', '--profile-mode', 'steady', '--profile-intensity', 'extreme', '--tuning-step', '0', '--compute-rounds', '5', '--kernel-variant', 'stateful_memory', '--dispatch-repeats', '1'], 'backend': 'python_vulkan_compute', 'target_id': '0000:00:02.0', 'stdout_path': 'results/2026-08-13_09-08-02_x86_64 Multi-GPU Combined Full Validation/worker_logs/x86_combined_full_vram_4.stdout.log', 'stderr_path': 'results/2026-08-13_09-08-02_x86_64 Multi-GPU Combined Full Validation/worker_logs/x86_combined_full_vram_4.stderr.log', 'stdout_tail': '', 'stderr_tail': 'Traceback (most recent call last):\n  File ""/var/home/empc/Documents/Test Build 0.2.0.b-alpha [x86-64]/native/vulkan_compute_worker.py"", line 14, in <module>\n    from Modules.lvs_runtime_memory_guard import claim_runtime_allocation_growth, release_runtime_allocation_claim\nModuleNotFoundError: No module named \'Modules\''}}","PARTIALLY EXECUTED, NOT VALIDATED",high,yes,"CPU/RAM participant ran, but required Vulkan participant failed at startup; intended concurrency was absent.",results/2026-08-13_09-08-02_x86_64 Multi-GPU Combined Full Validation
Intel(R) Core(TM) i9-14900,x86_64 Multi-GPU Combined Full Validation,x86_combined_igpu_dgpu,gpu_3d,GPU all,GPU 0000:00:02.0; GPU 0000:02:00.0,gpu_3d:vulkan_compute,gpu_3d:python_vulkan_compute,,,,,sustained GPU progress and verification,,,,600,600.41,"GPU status=None, iterations=, verify=, error=; GPU status=None, iterations=, verify=, error=","3D stage is using the suite-native Vulkan compute/readback backend; 3D Vulkan compute variant 'stress_hash' selected; 3D Vulkan compute variant 'stress_hash' is experimental; hash remains the validated production path; 3D intensity 'extreme' is shaping suite-native GPU load scaling for this stage; 3D backend 'python_vulkan_compute' is curated as Vulkan / parametric / compute_readback / purpose=suite_native_gpu_stress; Internal GPU workers will ramp from 35% load over approximately 45s; {'timestamp': '2026-08-13T09:38:11.308018-04:00', 'category': 'worker_exit', 'severity': 'error', 'stage': 'x86_64 Shared iGPU plus Dedicated dGPU Vulkan Compute', 'source': 'gpu_3d', 'message': 'gpu_3d worker exited early with code 1', 'details': {'return_code': 1, 'command': ['env', 'DRI_PRIME=pci-0000_02_00_0', 'MESA_VK_DEVICE_SELECT=10de:2b85', '/var/home/empc/Documents/Test Build 0.2.0.b-alpha [x86-64]/.venv/bin/python', 'native/vulkan_compute_worker.py', '--target-vendor', 'NVIDIA', '--target-vendor-id', '0x10de', '--target-device-id', '0x2b85', '--target-device-name', 'NVIDIA GeForce RTX 5090', '--target-card', 'card0', '--target-slot', '0000:02:00.0', '--target-id', '0000:02:00.0', '--physical-gpu-id', '', '--target-gpu-index', '1', '--target-vram-total', '34190917632', '--buffer-bytes', '1073741824', '--system-memory-fixed-commitment-bytes', '1048576', '--ramp-step-seconds', '15.0', '--start-load-fraction', '0.35', '--result-file', 'results/2026-08-13_09-08-02_x86_64 Multi-GPU Combined Full Validation/worker_results/x86_combined_igpu_dgpu_gpu_3d_1.json', '--device-class', 'discrete', '--profile-mode', 'steady', '--profile-intensity', 'extreme', '--tuning-step', '0', '--compute-rounds', '160', '--kernel-variant', 'stress_hash', '--dispatch-repeats', '6'], 'backend': 'python_vulkan_compute', 'target_id': '0000:02:00.0', 'stdout_path': 'results/2026-08-13_09-08-02_x86_64 Multi-GPU Combined Full Validation/worker_logs/x86_combined_igpu_dgpu_gpu_3d_1.stdout.log', 'stderr_path': 'results/2026-08-13_09-08-02_x86_64 Multi-GPU Combined Full Validation/worker_logs/x86_combined_igpu_dgpu_gpu_3d_1.stderr.log', 'stdout_tail': '', 'stderr_tail': 'Traceback (most recent call last):\n  File ""/var/home/empc/Documents/Test Build 0.2.0.b-alpha [x86-64]/native/vulkan_compute_worker.py"", line 14, in <module>\n    from Modules.lvs_runtime_memory_guard import claim_runtime_allocation_growth, release_runtime_allocation_claim\nModuleNotFoundError: No module named \'Modules\''}}; {'timestamp': '2026-08-13T09:38:11.308087-04:00', 'category': 'worker_exit', 'severity': 'error', 'stage': 'x86_64 Shared iGPU plus Dedicated dGPU Vulkan Compute', 'source': 'gpu_3d', 'message': 'gpu_3d worker exited early with code 1', 'details': {'return_code': 1, 'command': ['env', 'DRI_PRIME=pci-0000_00_02_0', 'MESA_VK_DEVICE_SELECT=8086:a780', '/var/home/empc/Documents/Test Build 0.2.0.b-alpha [x86-64]/.venv/bin/python', 'native/vulkan_compute_worker.py', '--target-vendor', 'Intel', '--target-vendor-id', '0x8086', '--target-device-id', '0xa780', '--target-device-name', 'Intel(R) Graphics (RPL-S)', '--target-card', 'card1', '--target-slot', '0000:00:02.0', '--target-id', '0000:00:02.0', '--physical-gpu-id', '', '--target-gpu-index', '0', '--target-vram-total', '0', '--buffer-bytes', '75829248', '--system-memory-fixed-commitment-bytes', '1048576', '--ramp-step-seconds', '15.0', '--start-load-fraction', '0.35', '--result-file', 'results/2026-08-13_09-08-02_x86_64 Multi-GPU Combined Full Validation/worker_results/x86_combined_igpu_dgpu_gpu_3d_2.json', '--device-class', 'integrated', '--profile-mode', 'steady', '--profile-intensity', 'extreme', '--tuning-step', '0', '--compute-rounds', '94', '--kernel-variant', 'stress_hash', '--dispatch-repeats', '4'], 'backend': 'python_vulkan_compute', 'target_id': '0000:00:02.0', 'stdout_path': 'results/2026-08-13_09-08-02_x86_64 Multi-GPU Combined Full Validation/worker_logs/x86_combined_igpu_dgpu_gpu_3d_2.stdout.log', 'stderr_path': 'results/2026-08-13_09-08-02_x86_64 Multi-GPU Combined Full Validation/worker_logs/x86_combined_igpu_dgpu_gpu_3d_2.stderr.log', 'stdout_tail': '', 'stderr_tail': 'Traceback (most recent call last):\n  File ""/var/home/empc/Documents/Test Build 0.2.0.b-alpha [x86-64]/native/vulkan_compute_worker.py"", line 14, in <module>\n    from Modules.lvs_runtime_memory_guard import claim_runtime_allocation_growth, release_runtime_allocation_claim\nModuleNotFoundError: No module named \'Modules\''}}",FAILED,high,yes,Vulkan worker exited at startup on Modules.lvs_runtime_memory_guard import failure; no workload progress/verification.,results/2026-08-13_09-08-02_x86_64 Multi-GPU Combined Full Validation
Intel(R) Core(TM) i9-14900,x86_64 Multi-GPU Combined Full Validation,x86_combined_ram_all_gpu_memory,memory+vram,system RAM; GPU memory all,system RAM; GPU 0000:00:02.0; GPU 0000:02:00.0,memory:native; vram:vulkan,memory:memory_native_helper; vram:python_vulkan_compute,,,,,RAM 70% allocation/pressure; sustained GPU progress and verification,"RAM target 31.53 GiB, used median 37.84 GiB, max 37.91 GiB",RAM 70%; VRAM 70%,"RAM backend=memory_native_helper, achieved=31.53 GiB, ratio=None, verify=21351, allocation_verified=, errors=0",600,601.82,"RAM backend=memory_native_helper, achieved=31.53 GiB, ratio=None, verify=21351, allocation_verified=, errors=0; GPU status=None, iterations=, verify=, error=; GPU status=None, iterations=, verify=, error=","VRAM stage is using the suite-native Vulkan stateful-memory/readback backend; Internal GPU workers will ramp from 35% load over approximately 45s; VRAM target for 0000:00:02.0 was capped by safe mode from 32.77GB to 23.48GB; {'timestamp': '2026-08-13T09:48:11.907509-04:00', 'category': 'worker_exit', 'severity': 'error', 'stage': 'x86_64 RAM plus Shared iGPU and Dedicated dGPU Memory', 'source': 'vram', 'message': 'vram worker exited early with code 1', 'details': {'return_code': 1, 'command': ['env', 'DRI_PRIME=pci-0000_02_00_0', 'MESA_VK_DEVICE_SELECT=10de:2b85', '/var/home/empc/Documents/Test Build 0.2.0.b-alpha [x86-64]/.venv/bin/python', 'native/vulkan_compute_worker.py', '--target-vendor', 'NVIDIA', '--target-vendor-id', '0x10de', '--target-device-id', '0x2b85', '--target-device-name', 'NVIDIA GeForce RTX 5090', '--target-card', 'card0', '--target-slot', '0000:02:00.0', '--target-id', '0000:02:00.0', '--physical-gpu-id', '', '--target-gpu-index', '1', '--target-vram-total', '34190917632', '--buffer-bytes', '23933642342', '--system-memory-fixed-commitment-bytes', '1048576', '--ramp-step-seconds', '15.0', '--start-load-fraction', '0.35', '--result-file', 'results/2026-08-13_09-08-02_x86_64 Multi-GPU Combined Full Validation/worker_results/x86_combined_ram_all_gpu_memory_vram_1.json', '--device-class', 'discrete', '--profile-mode', 'steady', '--profile-intensity', 'extreme', '--tuning-step', '0', '--compute-rounds', '7', '--kernel-variant', 'stateful_memory', '--dispatch-repeats', '1'], 'backend': 'python_vulkan_compute', 'target_id': '0000:02:00.0', 'stdout_path': 'results/2026-08-13_09-08-02_x86_64 Multi-GPU Combined Full Validation/worker_logs/x86_combined_ram_all_gpu_memory_vram_2.stdout.log', 'stderr_path': 'results/2026-08-13_09-08-02_x86_64 Multi-GPU Combined Full Validation/worker_logs/x86_combined_ram_all_gpu_memory_vram_2.stderr.log', 'stdout_tail': '', 'stderr_tail': 'Traceback (most recent call last):\n  File ""/var/home/empc/Documents/Test Build 0.2.0.b-alpha [x86-64]/native/vulkan_compute_worker.py"", line 14, in <module>\n    from Modules.lvs_runtime_memory_guard import claim_runtime_allocation_growth, release_runtime_allocation_claim\nModuleNotFoundError: No module named \'Modules\''}}; {'timestamp': '2026-08-13T09:48:11.907666-04:00', 'category': 'worker_exit', 'severity': 'error', 'stage': 'x86_64 RAM plus Shared iGPU and Dedicated dGPU Memory', 'source': 'vram', 'message': 'vram worker exited early with code 1', 'details': {'return_code': 1, 'command': ['env', 'DRI_PRIME=pci-0000_00_02_0', 'MESA_VK_DEVICE_SELECT=8086:a780', '/var/home/empc/Documents/Test Build 0.2.0.b-alpha [x86-64]/.venv/bin/python', 'native/vulkan_compute_worker.py', '--target-vendor', 'Intel', '--target-vendor-id', '0x8086', '--target-device-id', '0xa780', '--target-device-name', 'Intel(R) Graphics (RPL-S)', '--target-card', 'card1', '--target-slot', '0000:00:02.0', '--target-id', '0000:00:02.0', '--physical-gpu-id', '', '--target-gpu-index', '0', '--target-vram-total', '0', '--buffer-bytes', '25367769683', '--system-memory-fixed-commitment-bytes', '1048576', '--ramp-step-seconds', '15.0', '--start-load-fraction', '0.35', '--result-file', 'results/2026-08-13_09-08-02_x86_64 Multi-GPU Combined Full Validation/worker_results/x86_combined_ram_all_gpu_memory_vram_2.json', '--device-class', 'integrated', '--profile-mode', 'steady', '--profile-intensity', 'extreme', '--tuning-step', '0', '--compute-rounds', '5', '--kernel-variant', 'stateful_memory', '--dispatch-repeats', '1'], 'backend': 'python_vulkan_compute', 'target_id': '0000:00:02.0', 'stdout_path': 'results/2026-08-13_09-08-02_x86_64 Multi-GPU Combined Full Validation/worker_logs/x86_combined_ram_all_gpu_memory_vram_3.stdout.log', 'stderr_path': 'results/2026-08-13_09-08-02_x86_64 Multi-GPU Combined Full Validation/worker_logs/x86_combined_ram_all_gpu_memory_vram_3.stderr.log', 'stdout_tail': '', 'stderr_tail': 'Traceback (most recent call last):\n  File ""/var/home/empc/Documents/Test Build 0.2.0.b-alpha [x86-64]/native/vulkan_compute_worker.py"", line 14, in <module>\n    from Modules.lvs_runtime_memory_guard import claim_runtime_allocation_growth, release_runtime_allocation_claim\nModuleNotFoundError: No module named \'Modules\''}}","PARTIALLY EXECUTED, NOT VALIDATED",high,yes,"CPU/RAM participant ran, but required Vulkan participant failed at startup; intended concurrency was absent.",results/2026-08-13_09-08-02_x86_64 Multi-GPU Combined Full Validation
Intel(R) Core(TM) i9-14900,x86_64 Multi-GPU Combined Full Validation,x86_combined_ram_dgpu,memory+vram,system RAM; GPU memory discrete_all,system RAM; GPU 0000:02:00.0,memory:native; vram:vulkan,memory:memory_native_helper; vram:python_vulkan_compute,,,,,RAM 80% allocation/pressure; sustained GPU progress and verification,"RAM target 49.93 GiB, used median 56.26 GiB, max 56.28 GiB",RAM 80%; VRAM 90%,"RAM backend=memory_native_helper, achieved=49.93 GiB, ratio=None, verify=13462, allocation_verified=, errors=0",600,601.99,"RAM backend=memory_native_helper, achieved=49.93 GiB, ratio=None, verify=13462, allocation_verified=, errors=0; GPU status=None, iterations=, verify=, error=","VRAM stage is using the suite-native Vulkan stateful-memory/readback backend; Internal GPU workers will ramp from 35% load over approximately 45s; {'timestamp': '2026-08-13T09:28:09.338757-04:00', 'category': 'worker_exit', 'severity': 'error', 'stage': 'x86_64 Native RAM plus Dedicated dGPU Vulkan VRAM', 'source': 'vram', 'message': 'vram worker exited early with code 1', 'details': {'return_code': 1, 'command': ['env', 'DRI_PRIME=pci-0000_02_00_0', 'MESA_VK_DEVICE_SELECT=10de:2b85', '/var/home/empc/Documents/Test Build 0.2.0.b-alpha [x86-64]/.venv/bin/python', 'native/vulkan_compute_worker.py', '--target-vendor', 'NVIDIA', '--target-vendor-id', '0x10de', '--target-device-id', '0x2b85', '--target-device-name', 'NVIDIA GeForce RTX 5090', '--target-card', 'card0', '--target-slot', '0000:02:00.0', '--target-id', '0000:02:00.0', '--physical-gpu-id', '', '--target-gpu-index', '1', '--target-vram-total', '34190917632', '--buffer-bytes', '30771825868', '--system-memory-fixed-commitment-bytes', '1048576', '--ramp-step-seconds', '15.0', '--start-load-fraction', '0.35', '--result-file', 'results/2026-08-13_09-08-02_x86_64 Multi-GPU Combined Full Validation/worker_results/x86_combined_ram_dgpu_vram_1.json', '--device-class', 'discrete', '--profile-mode', 'steady', '--profile-intensity', 'extreme', '--tuning-step', '0', '--compute-rounds', '7', '--kernel-variant', 'stateful_memory', '--dispatch-repeats', '1'], 'backend': 'python_vulkan_compute', 'target_id': '0000:02:00.0', 'stdout_path': 'results/2026-08-13_09-08-02_x86_64 Multi-GPU Combined Full Validation/worker_logs/x86_combined_ram_dgpu_vram_2.stdout.log', 'stderr_path': 'results/2026-08-13_09-08-02_x86_64 Multi-GPU Combined Full Validation/worker_logs/x86_combined_ram_dgpu_vram_2.stderr.log', 'stdout_tail': '', 'stderr_tail': 'Traceback (most recent call last):\n  File ""/var/home/empc/Documents/Test Build 0.2.0.b-alpha [x86-64]/native/vulkan_compute_worker.py"", line 14, in <module>\n    from Modules.lvs_runtime_memory_guard import claim_runtime_allocation_growth, release_runtime_allocation_claim\nModuleNotFoundError: No module named \'Modules\''}}","PARTIALLY EXECUTED, NOT VALIDATED",high,yes,"CPU/RAM participant ran, but required Vulkan participant failed at startup; intended concurrency was absent.",results/2026-08-13_09-08-02_x86_64 Multi-GPU Combined Full Validation
Intel(R) Core(TM) i9-14900,x86_64 Multi-GPU Combined Full Validation,x86_combined_ram_igpu,memory+gpu_3d,system RAM; GPU integrated_all,system RAM; GPU 0000:00:02.0,memory:native; gpu_3d:vulkan_compute,memory:memory_native_helper; gpu_3d:python_vulkan_compute,,,,,RAM 70% allocation/pressure; sustained GPU progress and verification,"RAM target 31.47 GiB, used median 37.78 GiB, max 37.85 GiB",RAM 70%; GPU3D 70%,"RAM backend=memory_native_helper, achieved=31.47 GiB, ratio=None, verify=21368, allocation_verified=, errors=0",600,601.46,"RAM backend=memory_native_helper, achieved=31.47 GiB, ratio=None, verify=21368, allocation_verified=, errors=0; GPU status=None, iterations=, verify=, error=","3D stage is using the suite-native Vulkan compute/readback backend; 3D Vulkan compute variant 'stateful_memory' selected; 3D Vulkan compute variant 'stateful_memory' is experimental; hash remains the validated production path; 3D Vulkan stateful-memory allocation target is explicitly set to 70% with capacity-based safety reserves; 3D intensity 'extreme' is shaping suite-native GPU load scaling for this stage; 3D backend 'python_vulkan_compute' is curated as Vulkan / parametric / compute_readback / purpose=suite_native_gpu_stress; Internal GPU workers will ramp from 35% load over approximately 45s; {'timestamp': '2026-08-13T09:18:07.855008-04:00', 'category': 'worker_exit', 'severity': 'error', 'stage': 'x86_64 Native RAM plus Shared iGPU Stateful Memory', 'source': 'gpu_3d', 'message': 'gpu_3d worker exited early with code 1', 'details': {'return_code': 1, 'command': ['env', 'DRI_PRIME=pci-0000_00_02_0', 'MESA_VK_DEVICE_SELECT=8086:a780', '/var/home/empc/Documents/Test Build 0.2.0.b-alpha [x86-64]/.venv/bin/python', 'native/vulkan_compute_worker.py', '--target-vendor', 'Intel', '--target-vendor-id', '0x8086', '--target-device-id', '0xa780', '--target-device-name', 'Intel(R) Graphics (RPL-S)', '--target-card', 'card1', '--target-slot', '0000:00:02.0', '--target-id', '0000:00:02.0', '--physical-gpu-id', '', '--target-gpu-index', '0', '--target-vram-total', '0', '--buffer-bytes', '25314746479', '--system-memory-fixed-commitment-bytes', '1048576', '--ramp-step-seconds', '15.0', '--start-load-fraction', '0.35', '--result-file', 'results/2026-08-13_09-08-02_x86_64 Multi-GPU Combined Full Validation/worker_results/x86_combined_ram_igpu_gpu_3d_1.json', '--device-class', 'integrated', '--profile-mode', 'steady', '--profile-intensity', 'extreme', '--tuning-step', '0', '--compute-rounds', '5', '--kernel-variant', 'stateful_memory', '--dispatch-repeats', '1'], 'backend': 'python_vulkan_compute', 'target_id': '0000:00:02.0', 'stdout_path': 'results/2026-08-13_09-08-02_x86_64 Multi-GPU Combined Full Validation/worker_logs/x86_combined_ram_igpu_gpu_3d_2.stdout.log', 'stderr_path': 'results/2026-08-13_09-08-02_x86_64 Multi-GPU Combined Full Validation/worker_logs/x86_combined_ram_igpu_gpu_3d_2.stderr.log', 'stdout_tail': '', 'stderr_tail': 'Traceback (most recent call last):\n  File ""/var/home/empc/Documents/Test Build 0.2.0.b-alpha [x86-64]/native/vulkan_compute_worker.py"", line 14, in <module>\n    from Modules.lvs_runtime_memory_guard import claim_runtime_allocation_growth, release_runtime_allocation_claim\nModuleNotFoundError: No module named \'Modules\''}}","PARTIALLY EXECUTED, NOT VALIDATED",high,yes,"CPU/RAM participant ran, but required Vulkan participant failed at startup; intended concurrency was absent.",results/2026-08-13_09-08-02_x86_64 Multi-GPU Combined Full Validation
Intel(R) Core(TM) i9-14900,x86_64 NVIDIA dGPU Full Validation,nvidia_dgpu_vulkan_compute,gpu_3d,GPU discrete_all,GPU 0000:02:00.0,gpu_3d:vulkan_compute,gpu_3d:python_vulkan_compute,,,,,sustained GPU progress and verification,,,,600,601.01,"GPU status=None, iterations=, verify=, error=","3D stage is using the suite-native Vulkan compute/readback backend; 3D Vulkan compute variant 'stress_hash' selected; 3D Vulkan compute variant 'stress_hash' is experimental; hash remains the validated production path; 3D intensity 'extreme' is shaping suite-native GPU load scaling for this stage; 3D backend 'python_vulkan_compute' is curated as Vulkan / parametric / compute_readback / purpose=suite_native_gpu_stress; Internal GPU workers will ramp from 35% load over approximately 45s; {'timestamp': '2026-08-12T15:26:30.741007-04:00', 'category': 'worker_exit', 'severity': 'error', 'stage': 'NVIDIA dGPU Vulkan Compute and Readback Sustained', 'source': 'gpu_3d', 'message': 'gpu_3d worker exited early with code 1', 'details': {'return_code': 1, 'command': ['env', 'DRI_PRIME=pci-0000_02_00_0', 'MESA_VK_DEVICE_SELECT=10de:2b85', '/var/home/empc/Documents/Test Build 0.2.0.b-alpha [x86-64]/.venv/bin/python', 'native/vulkan_compute_worker.py', '--target-vendor', 'NVIDIA', '--target-vendor-id', '0x10de', '--target-device-id', '0x2b85', '--target-device-name', 'NVIDIA GeForce RTX 5090', '--target-card', 'card0', '--target-slot', '0000:02:00.0', '--target-id', '0000:02:00.0', '--physical-gpu-id', '', '--target-gpu-index', '1', '--target-vram-total', '34190917632', '--buffer-bytes', '1073741824', '--system-memory-fixed-commitment-bytes', '1048576', '--ramp-step-seconds', '15.0', '--start-load-fraction', '0.35', '--result-file', 'results/2026-08-12_15-26-29_x86_64 NVIDIA dGPU Full Validation/worker_results/nvidia_dgpu_vulkan_compute_gpu_3d_1.json', '--device-class', 'discrete', '--profile-mode', 'steady', '--profile-intensity', 'extreme', '--tuning-step', '0', '--compute-rounds', '160', '--kernel-variant', 'stress_hash', '--dispatch-repeats', '6'], 'backend': 'python_vulkan_compute', 'target_id': '0000:02:00.0', 'stdout_path': 'results/2026-08-12_15-26-29_x86_64 NVIDIA dGPU Full Validation/worker_logs/nvidia_dgpu_vulkan_compute_gpu_3d_1.stdout.log', 'stderr_path': 'results/2026-08-12_15-26-29_x86_64 NVIDIA dGPU Full Validation/worker_logs/nvidia_dgpu_vulkan_compute_gpu_3d_1.stderr.log', 'stdout_tail': '', 'stderr_tail': 'Traceback (most recent call last):\n  File ""/var/home/empc/Documents/Test Build 0.2.0.b-alpha [x86-64]/native/vulkan_compute_worker.py"", line 14, in <module>\n    from Modules.lvs_runtime_memory_guard import claim_runtime_allocation_growth, release_runtime_allocation_claim\nModuleNotFoundError: No module named \'Modules\''}}",FAILED,high,yes,Vulkan worker exited at startup on Modules.lvs_runtime_memory_guard import failure; no workload progress/verification.,results/2026-08-12_15-26-29_x86_64 NVIDIA dGPU Full Validation
Intel(R) Core(TM) i9-14900,x86_64 NVIDIA dGPU Full Validation,nvidia_dgpu_vulkan_stateful,gpu_3d,GPU discrete_all,GPU 0000:02:00.0,gpu_3d:vulkan_compute,gpu_3d:python_vulkan_compute,,,,,sustained GPU progress and verification,,GPU3D 90%,,600,600.29,"GPU status=None, iterations=, verify=, error=","3D stage is using the suite-native Vulkan compute/readback backend; 3D Vulkan compute variant 'stateful_memory' selected; 3D Vulkan compute variant 'stateful_memory' is experimental; hash remains the validated production path; 3D Vulkan stateful-memory allocation target is explicitly set to 90% with capacity-based safety reserves; 3D intensity 'extreme' is shaping suite-native GPU load scaling for this stage; 3D backend 'python_vulkan_compute' is curated as Vulkan / parametric / compute_readback / purpose=suite_native_gpu_stress; Internal GPU workers will ramp from 35% load over approximately 45s; {'timestamp': '2026-08-12T15:46:32.089009-04:00', 'category': 'worker_exit', 'severity': 'error', 'stage': 'NVIDIA dGPU Vulkan Stateful Dedicated Memory Sustained', 'source': 'gpu_3d', 'message': 'gpu_3d worker exited early with code 1', 'details': {'return_code': 1, 'command': ['env', 'DRI_PRIME=pci-0000_02_00_0', 'MESA_VK_DEVICE_SELECT=10de:2b85', '/var/home/empc/Documents/Test Build 0.2.0.b-alpha [x86-64]/.venv/bin/python', 'native/vulkan_compute_worker.py', '--target-vendor', 'NVIDIA', '--target-vendor-id', '0x10de', '--target-device-id', '0x2b85', '--target-device-name', 'NVIDIA GeForce RTX 5090', '--target-card', 'card0', '--target-slot', '0000:02:00.0', '--target-id', '0000:02:00.0', '--physical-gpu-id', '', '--target-gpu-index', '1', '--target-vram-total', '34190917632', '--buffer-bytes', '30771822592', '--system-memory-fixed-commitment-bytes', '1048576', '--ramp-step-seconds', '15.0', '--start-load-fraction', '0.35', '--result-file', 'results/2026-08-12_15-26-29_x86_64 NVIDIA dGPU Full Validation/worker_results/nvidia_dgpu_vulkan_stateful_gpu_3d_1.json', '--device-class', 'discrete', '--profile-mode', 'steady', '--profile-intensity', 'extreme', '--tuning-step', '0', '--compute-rounds', '7', '--kernel-variant', 'stateful_memory', '--dispatch-repeats', '1'], 'backend': 'python_vulkan_compute', 'target_id': '0000:02:00.0', 'stdout_path': 'results/2026-08-12_15-26-29_x86_64 NVIDIA dGPU Full Validation/worker_logs/nvidia_dgpu_vulkan_stateful_gpu_3d_1.stdout.log', 'stderr_path': 'results/2026-08-12_15-26-29_x86_64 NVIDIA dGPU Full Validation/worker_logs/nvidia_dgpu_vulkan_stateful_gpu_3d_1.stderr.log', 'stdout_tail': '', 'stderr_tail': 'Traceback (most recent call last):\n  File ""/var/home/empc/Documents/Test Build 0.2.0.b-alpha [x86-64]/native/vulkan_compute_worker.py"", line 14, in <module>\n    from Modules.lvs_runtime_memory_guard import claim_runtime_allocation_growth, release_runtime_allocation_claim\nModuleNotFoundError: No module named \'Modules\''}}",FAILED,high,yes,Vulkan worker exited at startup on Modules.lvs_runtime_memory_guard import failure; no workload progress/verification.,results/2026-08-12_15-26-29_x86_64 NVIDIA dGPU Full Validation
Intel(R) Core(TM) i9-14900,x86_64 NVIDIA dGPU Full Validation,nvidia_dgpu_vulkan_transfer,gpu_3d,GPU discrete_all,GPU 0000:02:00.0,gpu_3d:vulkan,gpu_3d:python_vulkan_transfer,,,,,sustained GPU progress and verification,,,,600,600.18,"GPU status=None, iterations=, verify=, error=","3D stage is using the suite-native Vulkan transfer/readback backend; Vulkan transfer/readback validates Vulkan routing and memory movement; it is not yet a shader or ray-tracing saturation workload; 3D intensity 'extreme' is shaping suite-native GPU load scaling for this stage; 3D backend 'python_vulkan_transfer' is curated as Vulkan / parametric / transfer_readback / purpose=transfer_diagnostic; Internal GPU workers will ramp from 35% load over approximately 45s; {'timestamp': '2026-08-12T15:36:31.816819-04:00', 'category': 'worker_exit', 'severity': 'error', 'stage': 'NVIDIA dGPU Vulkan Transfer and Readback Sustained', 'source': 'gpu_3d', 'message': 'gpu_3d worker exited early with code 1', 'details': {'return_code': 1, 'command': ['env', 'DRI_PRIME=pci-0000_02_00_0', 'MESA_VK_DEVICE_SELECT=10de:2b85', '/var/home/empc/Documents/Test Build 0.2.0.b-alpha [x86-64]/.venv/bin/python', 'native/vulkan_transfer_worker.py', '--target-vendor', 'NVIDIA', '--target-vendor-id', '0x10de', '--target-device-id', '0x2b85', '--target-device-name', 'NVIDIA GeForce RTX 5090', '--target-card', 'card0', '--target-slot', '0000:02:00.0', '--target-id', '0000:02:00.0', '--physical-gpu-id', '', '--target-gpu-index', '1', '--target-vram-total', '34190917632', '--buffer-bytes', '402653184', '--ramp-step-seconds', '15.0', '--start-load-fraction', '0.35', '--result-file', 'results/2026-08-12_15-26-29_x86_64 NVIDIA dGPU Full Validation/worker_results/nvidia_dgpu_vulkan_transfer_gpu_3d_1.json', '--device-class', 'discrete', '--profile-mode', 'steady', '--profile-intensity', 'extreme', '--tuning-step', '0'], 'backend': 'python_vulkan_transfer', 'target_id': '0000:02:00.0', 'stdout_path': 'results/2026-08-12_15-26-29_x86_64 NVIDIA dGPU Full Validation/worker_logs/nvidia_dgpu_vulkan_transfer_gpu_3d_1.stdout.log', 'stderr_path': 'results/2026-08-12_15-26-29_x86_64 NVIDIA dGPU Full Validation/worker_logs/nvidia_dgpu_vulkan_transfer_gpu_3d_1.stderr.log', 'stdout_tail': '', 'stderr_tail': 'Traceback (most recent call last):\n  File ""/var/home/empc/Documents/Test Build 0.2.0.b-alpha [x86-64]/native/vulkan_transfer_worker.py"", line 15, in <module>\n    from Modules.lvs_runtime_memory_guard import claim_runtime_allocation_growth, release_runtime_allocation_claim\nModuleNotFoundError: No module named \'Modules\''}}; {'timestamp': '2026-08-12T15:46:31.684531-04:00', 'category': 'gpu_backend_effectiveness', 'severity': 'info', 'stage': 'NVIDIA dGPU Vulkan Transfer and Readback Sustained', 'source': 'gpu_1_busy_percent', 'message': 'target GPU 0000:02:00.0 used diagnostic backend(s) python_vulkan_transfer; treat this as API routing/transfer validation, not a saturation result', 'details': {'gpu_index': 1, 'target_id': '0000:02:00.0', 'workloads': ['gpu_3d'], 'backends': ['python_vulkan_transfer'], 'load_classes': ['diagnostic'], 'metric': 'gpu_1_busy_percent', 'max_busy_percent': None, 'avg_busy_percent': None, 'max_power_w': None, 'avg_power_w': None, 'max_memory_busy_percent': None, 'avg_memory_busy_percent': None, 'backend_preference_3d': 'vulkan', 'backend_resolved_3d': 'python_vulkan_transfer', 'device_class': '', 'diagnostic_backend': True, 'saturation_result': False}}",FAILED,high,yes,Vulkan worker exited at startup on Modules.lvs_runtime_memory_guard import failure; no workload progress/verification.,results/2026-08-12_15-26-29_x86_64 NVIDIA dGPU Full Validation
Qualcomm Oryon,ARM64 CPU Full Validation,arm64_cpu_native_neon,cpu,"CPU [0, 1, 2, 3, 4, 5, 6, 7]","CPU [0, 1, 2, 3, 4, 5, 6, 7]",cpu:native,cpu:cpu_native_helper,8,8,neon,neon,target-CPU saturation,"CPU median 100.0%, p10 100.0%, lowest logical median 100.0%",,,600,600.03,"CPU verify=3214149, canary=3214149, errors=0","CPU stage is using the native helper backend (neon, kernel neon)",VALIDATED,high,no,"Correct target/backend, sustained duration/load or pressure, durable progress/integrity evidence, truthful verdict.",results/2026-08-11_16-43-39_ARM64 CPU Full Validation
Qualcomm Oryon,ARM64 CPU Full Validation,arm64_cpu_native_scalar,cpu,"CPU [0, 1, 2, 3, 4, 5, 6, 7]","CPU [0, 1, 2, 3, 4, 5, 6, 7]",cpu:native,cpu:cpu_native_helper,8,8,scalar,scalar,target-CPU saturation,"CPU median 100.0%, p10 100.0%, lowest logical median 100.0%",,,600,600.06,"CPU verify=752779, canary=752779, errors=0","CPU stage is using the native helper backend (scalar, kernel scalar)",VALIDATED,high,no,"Correct target/backend, sustained duration/load or pressure, durable progress/integrity evidence, truthful verdict.",results/2026-08-11_16-43-39_ARM64 CPU Full Validation
Qualcomm Oryon,ARM64 CPU Full Validation,arm64_cpu_python,cpu,"CPU [0, 1, 2, 3, 4, 5, 6, 7]","CPU [0, 1, 2, 3, 4, 5, 6, 7]",cpu:python_fallback,cpu:python_fallback,8,8,auto,,target-CPU saturation,"CPU median 100.0%, p10 100.0%, lowest logical median 100.0%",,,600,600.89,"CPU verify=, canary=, errors=0",CPU stage is using Python fallback; load strength is approximate,UNPROVEN DUE TO INSUFFICIENT EVIDENCE,high,yes,"All workers were pinned, saturated their targets, and made PBKDF2 progress, but the saved worker did not verify computed results.",results/2026-08-11_16-43-39_ARM64 CPU Full Validation
Qualcomm Oryon,ARM64 CPU Full Validation,arm64_cpu_stress_ng,cpu,"CPU [0, 1, 2, 3, 4, 5, 6, 7]","CPU [0, 1, 2, 3, 4, 5, 6, 7]",cpu:stress_ng,cpu:stress_ng,8,None,auto,,target-CPU saturation,"CPU median 100.0%, p10 100.0%, lowest logical median 100.0%",,,600,600.43,"CPU verify=, canary=, errors=0",CPU stage is using stress-ng,UNPROVEN DUE TO INSUFFICIENT EVIDENCE,high,yes,"All intended CPUs were saturated and bogo progress was positive, but the command did not enable stress-ng verification.",results/2026-08-11_16-43-39_ARM64 CPU Full Validation
Qualcomm Oryon,ARM64 CPU Targeting Functional,arm64_target_native_auto,cpu,"CPU [0, 1, 2, 3, 4, 5, 6, 7]","CPU [0, 1, 2, 3, 4, 5, 6, 7]",cpu:native,cpu:cpu_native_helper,8,8,auto,neon,target-CPU saturation,"CPU median 100.0%, p10 100.0%, lowest logical median 100.0%",,,90,90.53,"CPU verify=484617, canary=484617, errors=0","CPU stage is using the native helper backend (auto, kernel neon); CPU package power telemetry is unavailable; auto mode will use the highest supported kernel instead of power-based tuning",VALIDATED,high,no,"Correct target/backend, sustained duration/load or pressure, durable progress/integrity evidence, truthful verdict.",results/2026-08-11_16-37-58_ARM64 CPU Targeting Functional
Qualcomm Oryon,ARM64 CPU Targeting Functional,arm64_target_python,cpu,"CPU [0, 1, 2, 3, 4, 5, 6, 7]","CPU [0, 1, 2, 3, 4, 5, 6, 7]",cpu:python_fallback,cpu:python_fallback,8,8,auto,,target-CPU saturation,"CPU median 100.0%, p10 100.0%, lowest logical median 100.0%",,,90,90.77,"CPU verify=, canary=, errors=0",CPU stage is using Python fallback; load strength is approximate,UNPROVEN DUE TO INSUFFICIENT EVIDENCE,high,yes,"All workers were pinned, saturated their targets, and made PBKDF2 progress, but the saved worker did not verify computed results.",results/2026-08-11_16-37-58_ARM64 CPU Targeting Functional
Qualcomm Oryon,ARM64 CPU Targeting Functional,arm64_target_stress_ng,cpu,"CPU [0, 1, 2, 3, 4, 5, 6, 7]","CPU [0, 1, 2, 3, 4, 5, 6, 7]",cpu:stress_ng,cpu:stress_ng,8,None,auto,,target-CPU saturation,"CPU median 100.0%, p10 100.0%, lowest logical median 100.0%",,,90,90.63,"CPU verify=, canary=, errors=0",CPU stage is using stress-ng,UNPROVEN DUE TO INSUFFICIENT EVIDENCE,high,yes,"All intended CPUs were saturated and bogo progress was positive, but the command did not enable stress-ng verification.",results/2026-08-11_16-37-58_ARM64 CPU Targeting Functional
Qualcomm Oryon,ARM64 Combined Full Validation,arm64_combined_cpu_ram,cpu+memory,"CPU [0, 1, 2, 3, 4, 5, 6, 7]; system RAM","CPU [0, 1, 2, 3, 4, 5, 6, 7]; system RAM",cpu:native; memory:native,cpu:cpu_native_helper; memory:memory_native_helper,8,8,auto,neon,target-CPU saturation; RAM 80% allocation/pressure,"CPU median 100.0%, p10 100.0%, lowest logical median 100.0%; RAM target 10.49 GiB, used median 13.63 GiB, max 13.66 GiB",RAM 80%,"RAM backend=memory_native_helper, achieved=10.49 GiB, ratio=None, verify=6262, allocation_verified=, errors=0",600,601.58,"CPU verify=1607987, canary=1607987, errors=0; RAM backend=memory_native_helper, achieved=10.49 GiB, ratio=None, verify=6262, allocation_verified=, errors=0","CPU stage is using the native helper backend (auto, kernel neon); CPU package power telemetry is unavailable; auto mode will use the highest supported kernel instead of power-based tuning",VALIDATED,high,no,"Correct target/backend, sustained duration/load or pressure, durable progress/integrity evidence, truthful verdict.",results/2026-08-12_12-21-02_ARM64 Combined Full Validation
Qualcomm Oryon,ARM64 Combined Full Validation,arm64_combined_cpu_ram_stateful,cpu+memory+gpu_3d,"CPU [0, 1, 2, 3, 4, 5, 6, 7]; system RAM; GPU integrated_all","CPU [0, 1, 2, 3, 4, 5, 6, 7]; system RAM; GPU card1",cpu:native; memory:native; gpu_3d:vulkan_compute,cpu:cpu_native_helper; memory:memory_native_helper; gpu_3d:python_vulkan_compute,8,8,auto,neon,target-CPU saturation; RAM 70% allocation/pressure; sustained GPU progress and verification,"CPU median 100.0%, p10 100.0%, lowest logical median 100.0%; RAM target 6.27 GiB, used median 9.45 GiB, max 9.47 GiB",RAM 70%; GPU3D 70%,"RAM backend=memory_native_helper, achieved=6.27 GiB, ratio=None, verify=10417, allocation_verified=, errors=0",600,601.23,"CPU verify=1590665, canary=1590665, errors=0; RAM backend=memory_native_helper, achieved=6.27 GiB, ratio=None, verify=10417, allocation_verified=, errors=0; GPU status=None, iterations=, verify=, error=","CPU stage is using the native helper backend (auto, kernel neon); CPU package power telemetry is unavailable; auto mode will use the highest supported kernel instead of power-based tuning; 3D stage is using the suite-native Vulkan compute/readback backend; 3D Vulkan compute variant 'stateful_memory' selected; 3D Vulkan compute variant 'stateful_memory' is experimental; hash remains the validated production path; 3D Vulkan stateful-memory allocation target is explicitly set to 70% with capacity-based safety reserves; 3D intensity 'extreme' is shaping suite-native GPU load scaling for this stage; 3D backend 'python_vulkan_compute' is curated as Vulkan / parametric / compute_readback / purpose=suite_native_gpu_stress; Internal GPU workers will ramp from 35% load over approximately 45s; {'timestamp': '2026-08-12T12:51:07.161518-04:00', 'category': 'worker_exit', 'severity': 'error', 'stage': 'ARM64 CPU RAM and Adreno Stateful Shared Memory', 'source': 'gpu_3d', 'message': 'gpu_3d worker exited early with code 1', 'details': {'return_code': 1, 'command': ['/home/mark/Documents/Coding/Linux Stress Testing Suite/Testing/.venv/bin/python', 'native/vulkan_compute_worker.py', '--target-vendor', 'Qualcomm', '--target-vendor-id', '0x5143', '--target-device-id', '0x43030c00', '--target-device-name', 'Adreno X1-45', '--target-card', 'card1', '--target-slot', '', '--target-id', 'card1', '--physical-gpu-id', 'platform:3d00000.gpu', '--target-gpu-index', '0', '--target-vram-total', '0', '--buffer-bytes', '5007444532', '--system-memory-fixed-commitment-bytes', '1048576', '--ramp-step-seconds', '15.0', '--start-load-fraction', '0.35', '--result-file', 'results/2026-08-12_12-21-02_ARM64 Combined Full Validation/worker_results/arm64_combined_cpu_ram_stateful_gpu_3d_1.json', '--device-class', 'integrated', '--profile-mode', 'steady', '--profile-intensity', 'extreme', '--tuning-step', '0', '--compute-rounds', '3', '--kernel-variant', 'stateful_memory', '--dispatch-repeats', '1'], 'backend': 'python_vulkan_compute', 'target_id': 'card1', 'stdout_path': 'results/2026-08-12_12-21-02_ARM64 Combined Full Validation/worker_logs/arm64_combined_cpu_ram_stateful_gpu_3d_3.stdout.log', 'stderr_path': 'results/2026-08-12_12-21-02_ARM64 Combined Full Validation/worker_logs/arm64_combined_cpu_ram_stateful_gpu_3d_3.stderr.log', 'stdout_tail': '', 'stderr_tail': 'Traceback (most recent call last):\n  File ""/home/mark/Documents/Coding/Linux Stress Testing Suite/Testing/native/vulkan_compute_worker.py"", line 14, in <module>\n    from Modules.lvs_runtime_memory_guard import claim_runtime_allocation_growth, release_runtime_allocation_claim\nModuleNotFoundError: No module named \'Modules\''}}","PARTIALLY EXECUTED, NOT VALIDATED",high,yes,"CPU/RAM participant ran, but required Vulkan participant failed at startup; intended concurrency was absent.",results/2026-08-12_12-21-02_ARM64 Combined Full Validation
Qualcomm Oryon,ARM64 Combined Full Validation,arm64_combined_cpu_vulkan,cpu+gpu_3d,"CPU [0, 1, 2, 3, 4, 5, 6, 7]; GPU integrated_all","CPU [0, 1, 2, 3, 4, 5, 6, 7]; GPU card1",cpu:native; gpu_3d:vulkan_compute,cpu:cpu_native_helper; gpu_3d:python_vulkan_compute,8,8,auto,neon,target-CPU saturation; sustained GPU progress and verification,"CPU median 100.0%, p10 100.0%, lowest logical median 100.0%",,,600,600.43,"CPU verify=3218333, canary=3218333, errors=0; GPU status=None, iterations=, verify=, error=","CPU stage is using the native helper backend (auto, kernel neon); CPU package power telemetry is unavailable; auto mode will use the highest supported kernel instead of power-based tuning; 3D stage is using the suite-native Vulkan compute/readback backend; 3D Vulkan compute variant 'stress_hash' selected; 3D Vulkan compute variant 'stress_hash' is experimental; hash remains the validated production path; 3D intensity 'extreme' is shaping suite-native GPU load scaling for this stage; 3D backend 'python_vulkan_compute' is curated as Vulkan / parametric / compute_readback / purpose=suite_native_gpu_stress; Internal GPU workers will ramp from 35% load over approximately 45s; {'timestamp': '2026-08-12T12:31:05.728844-04:00', 'category': 'worker_exit', 'severity': 'error', 'stage': 'ARM64 Native Auto CPU plus Adreno Vulkan Compute', 'source': 'gpu_3d', 'message': 'gpu_3d worker exited early with code 1', 'details': {'return_code': 1, 'command': ['/home/mark/Documents/Coding/Linux Stress Testing Suite/Testing/.venv/bin/python', 'native/vulkan_compute_worker.py', '--target-vendor', 'Qualcomm', '--target-vendor-id', '0x5143', '--target-device-id', '0x43030c00', '--target-device-name', 'Adreno X1-45', '--target-card', 'card1', '--target-slot', '', '--target-id', 'card1', '--physical-gpu-id', 'platform:3d00000.gpu', '--target-gpu-index', '0', '--target-vram-total', '0', '--buffer-bytes', '50331648', '--system-memory-fixed-commitment-bytes', '1048576', '--ramp-step-seconds', '15.0', '--start-load-fraction', '0.35', '--result-file', 'results/2026-08-12_12-21-02_ARM64 Combined Full Validation/worker_results/arm64_combined_cpu_vulkan_gpu_3d_1.json', '--device-class', 'integrated', '--profile-mode', 'steady', '--profile-intensity', 'extreme', '--tuning-step', '0', '--compute-rounds', '62', '--kernel-variant', 'stress_hash', '--dispatch-repeats', '4'], 'backend': 'python_vulkan_compute', 'target_id': 'card1', 'stdout_path': 'results/2026-08-12_12-21-02_ARM64 Combined Full Validation/worker_logs/arm64_combined_cpu_vulkan_gpu_3d_2.stdout.log', 'stderr_path': 'results/2026-08-12_12-21-02_ARM64 Combined Full Validation/worker_logs/arm64_combined_cpu_vulkan_gpu_3d_2.stderr.log', 'stdout_tail': '', 'stderr_tail': 'Traceback (most recent call last):\n  File ""/home/mark/Documents/Coding/Linux Stress Testing Suite/Testing/native/vulkan_compute_worker.py"", line 14, in <module>\n    from Modules.lvs_runtime_memory_guard import claim_runtime_allocation_growth, release_runtime_allocation_claim\nModuleNotFoundError: No module named \'Modules\''}}","PARTIALLY EXECUTED, NOT VALIDATED",high,yes,"CPU/RAM participant ran, but required Vulkan participant failed at startup; intended concurrency was absent.",results/2026-08-12_12-21-02_ARM64 Combined Full Validation
Qualcomm Oryon,ARM64 Combined Full Validation,arm64_combined_full_pressure,cpu+memory+gpu_3d+vram,"CPU [0, 1, 2, 3, 4, 5, 6, 7]; system RAM; GPU integrated_all; GPU memory integrated_all","CPU [0, 1, 2, 3, 4, 5, 6, 7]; system RAM; GPU card1",cpu:native; memory:native; gpu_3d:vulkan_compute; vram:vulkan,cpu:cpu_native_helper; memory:memory_native_helper; gpu_3d:python_vulkan_compute; vram:python_vulkan_compute,8,8,auto,neon,target-CPU saturation; RAM 70% allocation/pressure; sustained GPU progress and verification,"CPU median 100.0%, p10 100.0%, lowest logical median 100.0%; RAM target 6.24 GiB, used median 9.46 GiB, max 9.49 GiB",RAM 70%; VRAM 70%,"RAM backend=memory_native_helper, achieved=6.24 GiB, ratio=None, verify=10471, allocation_verified=, errors=0",600,601.33,"CPU verify=1593752, canary=1593752, errors=0; RAM backend=memory_native_helper, achieved=6.24 GiB, ratio=None, verify=10471, allocation_verified=, errors=0; GPU status=None, iterations=, verify=, error=","CPU stage is using the native helper backend (auto, kernel neon); CPU package power telemetry is unavailable; auto mode will use the highest supported kernel instead of power-based tuning; 3D stage is using the suite-native Vulkan compute/readback backend; 3D Vulkan compute variant 'stress_hash' selected; 3D Vulkan compute variant 'stress_hash' is experimental; hash remains the validated production path; 3D intensity 'extreme' is shaping suite-native GPU load scaling for this stage; Mixed-stage Vulkan VRAM workers are fused GPU+VRAM stateful-memory workers on card1; separate same-target Vulkan 3D workers are not launched to avoid doubling Vulkan worker pressure; 3D backend 'python_vulkan_compute' is curated as Vulkan / parametric / compute_readback / purpose=suite_native_gpu_stress; VRAM stage is using the suite-native Vulkan stateful-memory/readback backend; Internal GPU workers will ramp from 35% load over approximately 45s; VRAM target for card1 was capped by safe mode from 7.91GB to 4.48GB; {'timestamp': '2026-08-12T13:01:08.429604-04:00', 'category': 'worker_exit', 'severity': 'error', 'stage': 'ARM64 Full CPU RAM Vulkan Compute and Shared GPU Memory', 'source': 'vram', 'message': 'vram worker exited early with code 1', 'details': {'return_code': 1, 'command': ['/home/mark/Documents/Coding/Linux Stress Testing Suite/Testing/.venv/bin/python', 'native/vulkan_compute_worker.py', '--target-vendor', 'Qualcomm', '--target-vendor-id', '0x5143', '--target-device-id', '0x43030c00', '--target-device-name', 'Adreno X1-45', '--target-card', 'card1', '--target-slot', '', '--target-id', 'card1', '--physical-gpu-id', 'platform:3d00000.gpu', '--target-gpu-index', '0', '--target-vram-total', '0', '--buffer-bytes', '4989808698', '--system-memory-fixed-commitment-bytes', '1048576', '--ramp-step-seconds', '15.0', '--start-load-fraction', '0.35', '--result-file', 'results/2026-08-12_12-21-02_ARM64 Combined Full Validation/worker_results/arm64_combined_full_pressure_vram_1.json', '--device-class', 'integrated', '--profile-mode', 'steady', '--profile-intensity', 'extreme', '--tuning-step', '0', '--compute-rounds', '3', '--kernel-variant', 'stateful_memory', '--dispatch-repeats', '1'], 'backend': 'python_vulkan_compute', 'target_id': 'card1', 'stdout_path': 'results/2026-08-12_12-21-02_ARM64 Combined Full Validation/worker_logs/arm64_combined_full_pressure_vram_3.stdout.log', 'stderr_path': 'results/2026-08-12_12-21-02_ARM64 Combined Full Validation/worker_logs/arm64_combined_full_pressure_vram_3.stderr.log', 'stdout_tail': '', 'stderr_tail': 'Traceback (most recent call last):\n  File ""/home/mark/Documents/Coding/Linux Stress Testing Suite/Testing/native/vulkan_compute_worker.py"", line 14, in <module>\n    from Modules.lvs_runtime_memory_guard import claim_runtime_allocation_growth, release_runtime_allocation_claim\nModuleNotFoundError: No module named \'Modules\''}}","PARTIALLY EXECUTED, NOT VALIDATED",high,yes,"CPU/RAM participant ran, but required Vulkan participant failed at startup; intended concurrency was absent.",results/2026-08-12_12-21-02_ARM64 Combined Full Validation
Qualcomm Oryon,ARM64 Combined Full Validation,arm64_combined_ram_stateful,memory+gpu_3d,system RAM; GPU integrated_all,system RAM; GPU card1,memory:native; gpu_3d:vulkan_compute,memory:memory_native_helper; gpu_3d:python_vulkan_compute,,,,,RAM 70% allocation/pressure; sustained GPU progress and verification,"RAM target 6.28 GiB, used median 9.41 GiB, max 9.43 GiB",RAM 70%; GPU3D 70%,"RAM backend=memory_native_helper, achieved=6.28 GiB, ratio=None, verify=18668, allocation_verified=, errors=0",600,600.92,"RAM backend=memory_native_helper, achieved=6.28 GiB, ratio=None, verify=18668, allocation_verified=, errors=0; GPU status=None, iterations=, verify=, error=","3D stage is using the suite-native Vulkan compute/readback backend; 3D Vulkan compute variant 'stateful_memory' selected; 3D Vulkan compute variant 'stateful_memory' is experimental; hash remains the validated production path; 3D Vulkan stateful-memory allocation target is explicitly set to 70% with capacity-based safety reserves; 3D intensity 'extreme' is shaping suite-native GPU load scaling for this stage; 3D backend 'python_vulkan_compute' is curated as Vulkan / parametric / compute_readback / purpose=suite_native_gpu_stress; Internal GPU workers will ramp from 35% load over approximately 45s; {'timestamp': '2026-08-12T12:41:06.178046-04:00', 'category': 'worker_exit', 'severity': 'error', 'stage': 'ARM64 Native RAM plus Adreno Stateful Shared Memory', 'source': 'gpu_3d', 'message': 'gpu_3d worker exited early with code 1', 'details': {'return_code': 1, 'command': ['/home/mark/Documents/Coding/Linux Stress Testing Suite/Testing/.venv/bin/python', 'native/vulkan_compute_worker.py', '--target-vendor', 'Qualcomm', '--target-vendor-id', '0x5143', '--target-device-id', '0x43030c00', '--target-device-name', 'Adreno X1-45', '--target-card', 'card1', '--target-slot', '', '--target-id', 'card1', '--physical-gpu-id', 'platform:3d00000.gpu', '--target-gpu-index', '0', '--target-vram-total', '0', '--buffer-bytes', '5017804525', '--system-memory-fixed-commitment-bytes', '1048576', '--ramp-step-seconds', '15.0', '--start-load-fraction', '0.35', '--result-file', 'results/2026-08-12_12-21-02_ARM64 Combined Full Validation/worker_results/arm64_combined_ram_stateful_gpu_3d_1.json', '--device-class', 'integrated', '--profile-mode', 'steady', '--profile-intensity', 'extreme', '--tuning-step', '0', '--compute-rounds', '3', '--kernel-variant', 'stateful_memory', '--dispatch-repeats', '1'], 'backend': 'python_vulkan_compute', 'target_id': 'card1', 'stdout_path': 'results/2026-08-12_12-21-02_ARM64 Combined Full Validation/worker_logs/arm64_combined_ram_stateful_gpu_3d_2.stdout.log', 'stderr_path': 'results/2026-08-12_12-21-02_ARM64 Combined Full Validation/worker_logs/arm64_combined_ram_stateful_gpu_3d_2.stderr.log', 'stdout_tail': '', 'stderr_tail': 'Traceback (most recent call last):\n  File ""/home/mark/Documents/Coding/Linux Stress Testing Suite/Testing/native/vulkan_compute_worker.py"", line 14, in <module>\n    from Modules.lvs_runtime_memory_guard import claim_runtime_allocation_growth, release_runtime_allocation_claim\nModuleNotFoundError: No module named \'Modules\''}}","PARTIALLY EXECUTED, NOT VALIDATED",high,yes,"CPU/RAM participant ran, but required Vulkan participant failed at startup; intended concurrency was absent.",results/2026-08-12_12-21-02_ARM64 Combined Full Validation
Qualcomm Oryon,ARM64 GPU Full Validation,arm64_gpu_egl,gpu_3d,GPU integrated_all,GPU card1,gpu_3d:egl,gpu_3d:python_egl_gles2,,,,,sustained GPU progress and verification,,,,600,600.6,"GPU status=None, iterations=, verify=, error=",3D stage is using the suite-native EGL/GLES render/readback backend; 3D intensity 'extreme' is shaping suite-native GPU load scaling for this stage; 3D backend 'python_egl_gles2' is curated as EGL/GLES2 / parametric / render_readback / purpose=render_validation_fallback; Internal GPU workers will ramp from 35% load over approximately 45s,VALIDATED,high,no,"Hardware Adreno EGL/GLES renderer, sustained frames and readback/marker verification.",results/2026-08-12_11-14-24_ARM64 GPU Full Validation
Qualcomm Oryon,ARM64 GPU Full Validation,arm64_gpu_vulkan_compute,gpu_3d,GPU integrated_all,GPU card1,gpu_3d:vulkan_compute,gpu_3d:python_vulkan_compute,,,,,sustained GPU progress and verification,,,,600,600.8,"GPU status=None, iterations=, verify=, error=","3D stage is using the suite-native Vulkan compute/readback backend; 3D Vulkan compute variant 'stress_hash' selected; 3D Vulkan compute variant 'stress_hash' is experimental; hash remains the validated production path; 3D intensity 'extreme' is shaping suite-native GPU load scaling for this stage; 3D backend 'python_vulkan_compute' is curated as Vulkan / parametric / compute_readback / purpose=suite_native_gpu_stress; Internal GPU workers will ramp from 35% load over approximately 45s; {'timestamp': '2026-08-12T11:14:26.049318-04:00', 'category': 'worker_exit', 'severity': 'error', 'stage': 'Adreno Vulkan Compute and Readback Sustained', 'source': 'gpu_3d', 'message': 'gpu_3d worker exited early with code 1', 'details': {'return_code': 1, 'command': ['/home/mark/Documents/Coding/Linux Stress Testing Suite/Testing/.venv/bin/python', 'native/vulkan_compute_worker.py', '--target-vendor', 'Qualcomm', '--target-vendor-id', '0x5143', '--target-device-id', '0x43030c00', '--target-device-name', 'Adreno X1-45', '--target-card', 'card1', '--target-slot', '', '--target-id', 'card1', '--physical-gpu-id', 'platform:3d00000.gpu', '--target-gpu-index', '0', '--target-vram-total', '0', '--buffer-bytes', '50331648', '--system-memory-fixed-commitment-bytes', '1048576', '--ramp-step-seconds', '15.0', '--start-load-fraction', '0.35', '--result-file', 'results/2026-08-12_11-14-24_ARM64 GPU Full Validation/worker_results/arm64_gpu_vulkan_compute_gpu_3d_1.json', '--device-class', 'integrated', '--profile-mode', 'steady', '--profile-intensity', 'extreme', '--tuning-step', '0', '--compute-rounds', '62', '--kernel-variant', 'stress_hash', '--dispatch-repeats', '4'], 'backend': 'python_vulkan_compute', 'target_id': 'card1', 'stdout_path': 'results/2026-08-12_11-14-24_ARM64 GPU Full Validation/worker_logs/arm64_gpu_vulkan_compute_gpu_3d_1.stdout.log', 'stderr_path': 'results/2026-08-12_11-14-24_ARM64 GPU Full Validation/worker_logs/arm64_gpu_vulkan_compute_gpu_3d_1.stderr.log', 'stdout_tail': '', 'stderr_tail': 'Traceback (most recent call last):\n  File ""/home/mark/Documents/Coding/Linux Stress Testing Suite/Testing/native/vulkan_compute_worker.py"", line 14, in <module>\n    from Modules.lvs_runtime_memory_guard import claim_runtime_allocation_growth, release_runtime_allocation_claim\nModuleNotFoundError: No module named \'Modules\''}}",FAILED,high,yes,Vulkan worker exited at startup on Modules.lvs_runtime_memory_guard import failure; no workload progress/verification.,results/2026-08-12_11-14-24_ARM64 GPU Full Validation
Qualcomm Oryon,ARM64 GPU Full Validation,arm64_gpu_vulkan_stateful,gpu_3d,GPU integrated_all,GPU card1,gpu_3d:vulkan_compute,gpu_3d:python_vulkan_compute,,,,,sustained GPU progress and verification,,GPU3D 80%,,600,600.34,"GPU status=None, iterations=, verify=, error=","3D stage is using the suite-native Vulkan compute/readback backend; 3D Vulkan compute variant 'stateful_memory' selected; 3D Vulkan compute variant 'stateful_memory' is experimental; hash remains the validated production path; 3D Vulkan stateful-memory allocation target is explicitly set to 80% with capacity-based safety reserves; 3D intensity 'extreme' is shaping suite-native GPU load scaling for this stage; 3D backend 'python_vulkan_compute' is curated as Vulkan / parametric / compute_readback / purpose=suite_native_gpu_stress; Internal GPU workers will ramp from 35% load over approximately 45s; {'timestamp': '2026-08-12T11:34:27.752463-04:00', 'category': 'worker_exit', 'severity': 'error', 'stage': 'Adreno Vulkan Stateful Shared Memory Sustained', 'source': 'gpu_3d', 'message': 'gpu_3d worker exited early with code 1', 'details': {'return_code': 1, 'command': ['/home/mark/Documents/Coding/Linux Stress Testing Suite/Testing/.venv/bin/python', 'native/vulkan_compute_worker.py', '--target-vendor', 'Qualcomm', '--target-vendor-id', '0x5143', '--target-device-id', '0x43030c00', '--target-device-name', 'Adreno X1-45', '--target-card', 'card1', '--target-slot', '', '--target-id', 'card1', '--physical-gpu-id', 'platform:3d00000.gpu', '--target-gpu-index', '0', '--target-vram-total', '0', '--buffer-bytes', '9703128268', '--system-memory-fixed-commitment-bytes', '1048576', '--ramp-step-seconds', '15.0', '--start-load-fraction', '0.35', '--result-file', 'results/2026-08-12_11-14-24_ARM64 GPU Full Validation/worker_results/arm64_gpu_vulkan_stateful_gpu_3d_1.json', '--device-class', 'integrated', '--profile-mode', 'steady', '--profile-intensity', 'extreme', '--tuning-step', '0', '--compute-rounds', '3', '--kernel-variant', 'stateful_memory', '--dispatch-repeats', '1'], 'backend': 'python_vulkan_compute', 'target_id': 'card1', 'stdout_path': 'results/2026-08-12_11-14-24_ARM64 GPU Full Validation/worker_logs/arm64_gpu_vulkan_stateful_gpu_3d_1.stdout.log', 'stderr_path': 'results/2026-08-12_11-14-24_ARM64 GPU Full Validation/worker_logs/arm64_gpu_vulkan_stateful_gpu_3d_1.stderr.log', 'stdout_tail': '', 'stderr_tail': 'Traceback (most recent call last):\n  File ""/home/mark/Documents/Coding/Linux Stress Testing Suite/Testing/native/vulkan_compute_worker.py"", line 14, in <module>\n    from Modules.lvs_runtime_memory_guard import claim_runtime_allocation_growth, release_runtime_allocation_claim\nModuleNotFoundError: No module named \'Modules\''}}",FAILED,high,yes,Vulkan worker exited at startup on Modules.lvs_runtime_memory_guard import failure; no workload progress/verification.,results/2026-08-12_11-14-24_ARM64 GPU Full Validation
Qualcomm Oryon,ARM64 GPU Full Validation,arm64_gpu_vulkan_transfer,gpu_3d,GPU integrated_all,GPU card1,gpu_3d:vulkan,gpu_3d:python_vulkan_transfer,,,,,sustained GPU progress and verification,,,,600,600.82,"GPU status=None, iterations=, verify=, error=","3D stage is using the suite-native Vulkan transfer/readback backend; Vulkan transfer/readback validates Vulkan routing and memory movement; it is not yet a shader or ray-tracing saturation workload; 3D intensity 'extreme' is shaping suite-native GPU load scaling for this stage; 3D backend 'python_vulkan_transfer' is curated as Vulkan / parametric / transfer_readback / purpose=transfer_diagnostic; Internal GPU workers will ramp from 35% load over approximately 45s; {'timestamp': '2026-08-12T11:24:26.931804-04:00', 'category': 'worker_exit', 'severity': 'error', 'stage': 'Adreno Vulkan Transfer and Readback Sustained', 'source': 'gpu_3d', 'message': 'gpu_3d worker exited early with code 1', 'details': {'return_code': 1, 'command': ['/home/mark/Documents/Coding/Linux Stress Testing Suite/Testing/.venv/bin/python', 'native/vulkan_transfer_worker.py', '--target-vendor', 'Qualcomm', '--target-vendor-id', '0x5143', '--target-device-id', '0x43030c00', '--target-device-name', 'Adreno X1-45', '--target-card', 'card1', '--target-slot', '', '--target-id', 'card1', '--physical-gpu-id', 'platform:3d00000.gpu', '--target-gpu-index', '0', '--target-vram-total', '0', '--buffer-bytes', '50331648', '--ramp-step-seconds', '15.0', '--start-load-fraction', '0.35', '--result-file', 'results/2026-08-12_11-14-24_ARM64 GPU Full Validation/worker_results/arm64_gpu_vulkan_transfer_gpu_3d_1.json', '--device-class', 'integrated', '--profile-mode', 'steady', '--profile-intensity', 'extreme', '--tuning-step', '0'], 'backend': 'python_vulkan_transfer', 'target_id': 'card1', 'stdout_path': 'results/2026-08-12_11-14-24_ARM64 GPU Full Validation/worker_logs/arm64_gpu_vulkan_transfer_gpu_3d_1.stdout.log', 'stderr_path': 'results/2026-08-12_11-14-24_ARM64 GPU Full Validation/worker_logs/arm64_gpu_vulkan_transfer_gpu_3d_1.stderr.log', 'stdout_tail': '', 'stderr_tail': 'Traceback (most recent call last):\n  File ""/home/mark/Documents/Coding/Linux Stress Testing Suite/Testing/native/vulkan_transfer_worker.py"", line 15, in <module>\n    from Modules.lvs_runtime_memory_guard import claim_runtime_allocation_growth, release_runtime_allocation_claim\nModuleNotFoundError: No module named \'Modules\''}}; {'timestamp': '2026-08-12T11:34:26.618711-04:00', 'category': 'gpu_backend_effectiveness', 'severity': 'info', 'stage': 'Adreno Vulkan Transfer and Readback Sustained', 'source': 'gpu_0_busy_percent', 'message': 'target GPU card1 used diagnostic backend(s) python_vulkan_transfer; treat this as API routing/transfer validation, not a saturation result', 'details': {'gpu_index': 0, 'target_id': 'card1', 'workloads': ['gpu_3d'], 'backends': ['python_vulkan_transfer'], 'load_classes': ['diagnostic'], 'metric': 'gpu_0_busy_percent', 'max_busy_percent': None, 'avg_busy_percent': None, 'max_power_w': None, 'avg_power_w': None, 'max_memory_busy_percent': None, 'avg_memory_busy_percent': None, 'backend_preference_3d': 'vulkan', 'backend_resolved_3d': 'python_vulkan_transfer', 'device_class': '', 'diagnostic_backend': True, 'saturation_result': False}}",FAILED,high,yes,Vulkan worker exited at startup on Modules.lvs_runtime_memory_guard import failure; no workload progress/verification.,results/2026-08-12_11-14-24_ARM64 GPU Full Validation
Qualcomm Oryon,ARM64 Memory Full Validation,arm64_memory_native,memory,system RAM,system RAM,memory:native,memory:memory_native_helper,,,,,RAM 80% allocation/pressure,"RAM target 9.22 GiB, used median 13.72 GiB, max 13.89 GiB",RAM 80%,"RAM backend=memory_native_helper, achieved=9.22 GiB, ratio=None, verify=12888, allocation_verified=, errors=0",600,601.01,"RAM backend=memory_native_helper, achieved=9.22 GiB, ratio=None, verify=12888, allocation_verified=, errors=0",,VALIDATED,high,no,"Correct target/backend, sustained duration/load or pressure, durable progress/integrity evidence, truthful verdict.",results/2026-08-12_10-18-10_ARM64 Memory Full Validation
Qualcomm Oryon,ARM64 Memory Full Validation,arm64_memory_python,memory,system RAM,system RAM,memory:python_fallback,memory:python_fallback,,,,,RAM 80% allocation/pressure,"RAM target 10.41 GiB, used median 13.74 GiB, max 13.77 GiB",RAM 80%,"RAM backend=python_fallback, achieved=10.41 GiB, ratio=1.0, verify=, allocation_verified=False, errors=0",600,600.52,"RAM backend=python_fallback, achieved=10.41 GiB, ratio=1.0, verify=, allocation_verified=False, errors=0",Memory stage is using Python fallback; behavior is approximate,UNPROVEN DUE TO INSUFFICIENT EVIDENCE,high,yes,"Allocation retained, but allocation_verified=false and worker performs no ongoing integrity cycle; some systems were materially capped.",results/2026-08-12_10-18-10_ARM64 Memory Full Validation
Qualcomm Oryon,ARM64 Memory Full Validation,arm64_memory_stress_ng,memory,system RAM,system RAM,memory:stress_ng,memory:stress_ng,,,,,RAM 80% allocation/pressure,"RAM target 9.59 GiB, used median 13.78 GiB, max 14.5 GiB",RAM 80%,,600,605.29,,"{'timestamp': '2026-08-12T10:32:25.686862-04:00', 'category': 'runtime_memory_pressure', 'severity': 'warning', 'stage': 'ARM64 stress-ng Memory Sustained at 80 Percent Intent', 'source': 'linux_memavailable', 'message': 'Sustained runtime memory pressure entered the LVS safety warning range.', 'details': {'enabled': True, 'control_path': 'results/2026-08-12_10-18-10_ARM64 Memory Full Validation/worker_results/arm64_memory_stress_ng_runtime_memory_guard.json', 'mem_total_bytes': 16171880448, 'launch_mem_available_bytes': 11373223936, 'system_memory_reserve_bytes': 1073741824, 'launch_system_memory_pool_bytes': 10299482112, 'runtime_mem_available_bytes': 608735232, 'minimum_runtime_mem_available_bytes': 608735232, 'runtime_headroom_bytes': 0, 'runtime_growth_allowance_bytes': 0, 'runtime_memory_warning_triggered': True, 'runtime_memory_guard_triggered': False, 'guard_trigger_timestamp': '', 'headroom_at_trigger_bytes': None, 'affected_workers': ['system_ram'], 'allocation_growth_stopped': True, 'stage_termination_required': False, 'warning_consecutive_count': 2, 'emergency_consecutive_count': 0, 'warning_mem_available_bytes': 1073741824, 'emergency_mem_available_bytes': 536870912, 'warning_consecutive_samples': 2, 'emergency_consecutive_samples': 3}}",UNPROVEN DUE TO INSUFFICIENT EVIDENCE,high,yes,"Pressure sustained, but command/result lacks durable bogo/progress and explicit verification evidence.",results/2026-08-12_10-18-10_ARM64 Memory Full Validation
